timestamp_ms,slot,frequency_mhz,rssi_dbm,snr,payload_hex,payload_text,length
32478,3,923.400,-27,-0.25,69763d32383630333635316566646235663137353132323034643836363334336431332c6d73673d626132626261353133653161336233393639363539336139353334613932316362643239396339316538353830653261613931336535336533313537646334352c636f756e7465723d342c743d33323236322c6b696e643d64617461,iv=28603651efdb5f17512204d866343d13;msg=ba2bba513e1a3b39696593a9534a921cbd299c91e8580e2aa913e53e3157dc45;counter=4;t=32262;kind=data,132
34712,3,923.400,-27,-1.75,69763d34383465646632313734643962373335323636363465343839646666653937612c6d73673d353732336230393335626333353266383630343062386564353537623437633464333036386131636236383535636432343733366361323863616565313533372c636f756e7465723d352c743d33343439372c6b696e643d64617461,iv=484edf2174d9b73526664e489dffe97a;msg=5723b0935bc352f86040b8ed557b47c4d3068a1cb6855cd24736ca28caee1537;counter=5;t=34497;kind=data,132
36947,3,923.400,-27,3.5,69763d33353430646130393661393534393366666639313937623861653061343538382c6d73673d623933653663646438346161313036376366306165303331313735396561316666386439643132353663353164656336613164323634326462363737643231652c636f756e7465723d362c743d33363733312c6b696e643d64617461,iv=3540da096a95493fff9197b8ae0a4588;msg=b93e6cdd84aa1067cf0ae0311759ea1ff8d9d1256c51dec6a1d2642db677d21e;counter=6;t=36731;kind=data,132
39182,3,923.400,-27,2.0,69763d31336631653832313033346261613963373862343666363537356466363634322c6d73673d393765646636646363373637613636623362323064623665623238306434303739306530383630383863643638623163376233646363336366306331303763662c636f756e7465723d372c743d33383936362c6b696e643d64617461,iv=13f1e821034baa9c78b46f6575df6642;msg=97edf6dcc767a66b3b20db6eb280d40790e086088cd68b1c7b3dcc3cf0c107cf;counter=7;t=38966;kind=data,132
41416,4,923.200,-28,4.5,69763d61623536643337383034626139343638633063316431633538353765666163372c6d73673d313732623234373532333764616334396663366462333361316335346338396464383738636339336232396466343437363931666636326665353261623430642c636f756e7465723d382c743d34313230302c6b696e643d64617461,iv=ab56d37804ba9468c0c1d1c5857efac7;msg=172b2475237dac49fc6db33a1c54c89dd878cc93b29df447691ff62fe52ab40d;counter=8;t=41200;kind=data,132
43654,4,923.200,-28,4.0,69763d64633336613832353063363334306466626261633361333765363938656437332c6d73673d346630346161626132633337616334623963653266386235623262363035363565383934333236313865323830313637363762353937376235373135323534632c636f756e7465723d392c743d34333433352c6b696e643d64617461,iv=dc36a8250c6340dfbbac3a37e698ed73;msg=4f04aaba2c37ac4b9ce2f8b5b2b60565e89432618e28016767b5977b5715254c;counter=9;t=43435;kind=data,132
45891,4,923.200,-28,8.25,69763d32616266393436656136383837643931323033636433383963383666663661622c6d73673d326561376330313335623837663036333337646461343463393437626263656330643466303631333037366662343563613338393538656661353162373565642c636f756e7465723d31302c743d34353637352c6b696e643d64617461,iv=2abf946ea6887d91203cd389c86ff6ab;msg=2ea7c0135b87f06337dda44c947bbcec0d4f0613076fb45ca38958efa51b75ed;counter=10;t=45675;kind=data,133
48125,4,923.200,-27,4.75,69763d62333835653161666563393166666236616531303234336331336465353135392c6d73673d313733366335343635316431323032666331376163626431633063613131643566653662646334633737616635643566363131636432313734313431343633662c636f756e7465723d31312c743d34373930392c6b696e643d64617461,iv=b385e1afec91ffb6ae10243c13de5159;msg=1736c54651d1202fc17acbd1c0ca11d5fe6bdc4c77af5d5f611cd2174141463f;counter=11;t=47909;kind=data,133
52595,5,920.800,-28,10.0,69763d32616337633064666433303037303731346166613438633036326464646138332c6d73673d383138333962336166616563636466623464373164363366636561636364623436386134353064633535663638336264363863306564613962306338313736322c636f756e7465723d31332c743d35323337382c6b696e643d64617461,iv=2ac7c0dfd30070714afa48c062ddda83;msg=81839b3afaeccdfb4d71d63fceaccdb468a450dc55f683bd68c0eda9b0c81762;counter=13;t=52378;kind=data,133
54830,5,920.800,-27,9.5,69763d66366364623066656533363733616635643735653833333436386362393335332c6d73673d306437353139653661643237356639323935633961376131326234323638336338666433343537343165666534646135333266663033323934636531323330392c636f756e7465723d31342c743d35343631332c6b696e643d64617461,iv=f6cdb0fee3673af5d75e833468cb9353;msg=0d7519e6ad275f9295c9a7a12b42683c8fd345741efe4da532ff03294ce12309;counter=14;t=54613;kind=data,133
57064,5,920.800,-27,8.75,69763d30326137656563323462306465393038343732343730656432376139303337362c6d73673d323739343930653565376332373030373339323064653030656233353131373266303030643739376234663461383434643235333931633237613132363837622c636f756e7465723d31352c743d35363834382c6b696e643d64617461,iv=02a7eec24b0de908472470ed27a90376;msg=279490e5e7c270073920de00eb351172f000d797b4f4a844d25391c27a12687b;counter=15;t=56848;kind=data,133
59299,5,920.800,-27,9.75,69763d30636163386634663439613638636630336538636537376634323334633533392c6d73673d633266346463623232353634643730353130373462333638653334323164363731333337323762383636326663356534626466633631316130653938623665382c636f756e7465723d31362c743d35393038332c6b696e643d64617461,iv=0cac8f4f49a68cf03e8ce77f4234c539;msg=c2f4dcb22564d7051074b368e3421d67133727b8662fc5e4bdfc611a0e98b6e8;counter=16;t=59083;kind=data,133
61534,6,920.600,-28,9.5,69763d63313261626532643832663564353537363363333536366137323764663761642c6d73673d653838353062643865393130393935333866363436396462653531666563363463323965313733353461616566313632343939613161353162326431363033332c636f756e7465723d31372c743d36313331382c6b696e643d64617461,iv=c12abe2d82f5d55763c3566a727df7ad;msg=e8850bd8e91099538f6469dbe51fec64c29e17354aaef162499a1a51b2d16033;counter=17;t=61318;kind=data,133
63769,6,920.600,-27,9.25,69763d62356633616361326332636137336332383032376236333461383832373965642c6d73673d373466623435393366393439326263336138633964633766303430653232613633613666613433623136383037633662373730383961353762656362306161302c636f756e7465723d31382c743d36333535322c6b696e643d64617461,iv=b5f3aca2c2ca73c28027b634a88279ed;msg=74fb4593f9492bc3a8c9dc7f040e22a63a6fa43b16807c6b77089a57becb0aa0;counter=18;t=63552;kind=data,133
66004,6,920.600,-27,10.0,69763d37316366616561383030383930393261656332393532333137316232353738312c6d73673d613631653939636538393665303331343731663037616562656563316434353762393537666438303065323936656165333633633961666435613734333730382c636f756e7465723d31392c743d36353738372c6b696e643d64617461,iv=71cfaea80089092aec29523171b25781;msg=a61e99ce896e031471f07aebeec1d457b957fd800e296eae363c9afd5a743708;counter=19;t=65787;kind=data,133
68239,6,920.600,-27,9.25,69763d64636534646633626335336636323330343030346638306538333736666163392c6d73673d656536633335383837663863336465653962663138393861353039383166323334633262653866353539316435356338333861313630633139653866376465332c636f756e7465723d32302c743d36383032322c6b696e643d64617461,iv=dce4df3bc53f62304004f80e8376fac9;msg=ee6c35887f8c3dee9bf1898a50981f234c2be8f5591d55c838a160c19e8f7de3;counter=20;t=68022;kind=data,133
72709,7,921.200,-27,9.75,69763d35326365616439633432663934626431666637373736353030323539376639322c6d73673d353831356166393639633938316266306335313730336466333263353262633434363563666131353961616165656237363365613864616365396137636563322c636f756e7465723d32322c743d37323439322c6b696e643d64617461,iv=52cead9c42f94bd1ff77765002597f92;msg=5815af969c981bf0c51703df32c52bc4465cfa159aaaeeb763ea8dace9a7cec2;counter=22;t=72492;kind=data,133
74944,7,921.200,-28,9.25,69763d37303635636661336239636537356531383536643630633033343763356638372c6d73673d313563613037333932366430303964353463646332346164613633333531316163643562623066396136343765363332316639613430343133396466613966302c636f756e7465723d32332c743d37343732372c6b696e643d64617461,iv=7065cfa3b9ce75e1856d60c0347c5f87;msg=15ca073926d009d54cdc24ada633511acd5bb0f9a647e6321f9a404139dfa9f0;counter=23;t=74727;kind=data,133
77181,7,921.200,-28,8.25,69763d65376134303638653431303935313866376532353231343630346433323164342c6d73673d323762666166356537666434663835323366656261363431333430363333303862373732376161666332623636383561376266333366633037396465353930312c636f756e7465723d32342c743d37363936322c6b696e643d64617461,iv=e7a4068e4109518f7e25214604d321d4;msg=27bfaf5e7fd4f8523feba64134063308b7727aafc2b6685a7bf33fc079de5901;counter=24;t=76962;kind=data,133
79419,7,921.200,-28,9.5,69763d63303264643433336261376666346638383664633133626234306230303030392c6d73673d616634343865383939323466653333373035323930343463303733633130303165633937326435643162613536373039306461353933386437663639303866312c636f756e7465723d32352c743d37393230322c6b696e643d64617461,iv=c02dd433ba7ff4f886dc13bb40b00009;msg=af448e89924fe3370529044c073c1001ec972d5d1ba567090da5938d7f6908f1;counter=25;t=79202;kind=data,133
81654,8,921.000,-28,9.25,69763d32613331366238636364306635383833376236333934393239313837333562372c6d73673d363633623661626438386631376132333062373466366366366138303561386136336232363839636232323034383238376230326364336266666333393634652c636f756e7465723d32362c743d38313433382c6b696e643d64617461,iv=2a316b8ccd0f58837b639492918735b7;msg=663b6abd88f17a230b74f6cf6a805a8a63b2689cb22048287b02cd3bffc3964e;counter=26;t=81438;kind=data,133
83889,8,921.000,-28,9.25,69763d61356336346363303432666438353064376538636365376235336331393061362c6d73673d623337363965306535623664366466323037646461353261383838656538663163396539663236363836653537346166626336323366373839316437373262322c636f756e7465723d32372c743d38333637332c6b696e643d64617461,iv=a5c64cc042fd850d7e8cce7b53c190a6;msg=b3769e0e5b6d6df207dda52a888ee8f1c9e9f26686e574afbc623f7891d772b2;counter=27;t=83673;kind=data,133
86124,8,921.000,-28,9.5,69763d66313030363265613264343530376533613538336161346536626262356165372c6d73673d353131643637326535323134373433633133346334366232313365343830336133366464303862373365643039386366326530383937333763366636656335312c636f756e7465723d32382c743d38353930382c6b696e643d64617461,iv=f10062ea2d4507e3a583aa4e6bbb5ae7;msg=511d672e5214743c134c46b213e4803a36dd08b73ed098cf2e089737c6f6ec51;counter=28;t=85908;kind=data,133
88360,8,921.000,-28,8.75,69763d64633532386531373534633062336330393632636138303262313133666663642c6d73673d323966326338323834333430633339363866643038376163633435633464333966653362636234303933633334323732623731383365306139316633396237372c636f756e7465723d32392c743d38383134332c6b696e643d64617461,iv=dc528e1754c0b3c0962ca802b113ffcd;msg=29f2c8284340c3968fd087acc45c4d39fe3bcb4093c34272b7183e0a91f39b77;counter=29;t=88143;kind=data,133
90595,9,921.600,-28,9.25,69763d33643430353637346265313035346131666632326563326461613366393738662c6d73673d393231633338623632356630346663663039653133363631383234356331306433356661656430626337333861393331646431336266353837333661653537312c636f756e7465723d33302c743d39303337382c6b696e643d64617461,iv=3d405674be1054a1ff22ec2daa3f978f;msg=921c38b625f04fcf09e136618245c10d35faed0bc738a931dd13bf58736ae571;counter=30;t=90378;kind=data,133
92830,9,921.600,-28,9.75,69763d65366265323534653331666138616462623533323463626435363335666431302c6d73673d353432616137323038616532313461396163313739353938393235623230663765326264396664313161643636326232633639303435333738386530306439332c636f756e7465723d33312c743d39323631332c6b696e643d64617461,iv=e6be254e31fa8adbb5324cbd5635fd10;msg=542aa7208ae214a9ac179598925b20f7e2bd9fd11ad662b2c690453788e00d93;counter=31;t=92613;kind=data,133
95066,9,921.600,-27,9.25,69763d64303163653832353430343835383135613730373432643066336537313130662c6d73673d313735363761336334623961373939353765393534386565336231613834653939376433346432356339663663306434653564376265343862353336366161622c636f756e7465723d33322c743d39343834382c6b696e643d64617461,iv=d01ce82540485815a70742d0f3e7110f;msg=17567a3c4b9a79957e9548ee3b1a84e997d34d25c9f6c0d4e5d7be48b5366aab;counter=32;t=94848;kind=data,133
97301,9,921.600,-27,8.5,69763d63303132663433633166323166666566666463616530613439323634663932612c6d73673d633761626466313261613539393932613466313337346532653532346461366639643038646162316436346564336666623561666161663235643064613236612c636f756e7465723d33332c743d39373038342c6b696e643d64617461,iv=c012f43c1f21ffeffdcae0a49264f92a;msg=c7abdf12aa59992a4f1374e2e524da6f9d08dab1d64ed3ffb5afaaf25d0da26a;counter=33;t=97084;kind=data,133
99539,9,921.600,-28,9.5,69763d64313463316563383830663036393734306136313733636136313336383261352c6d73673d646439643939336334313064323539346666393638643235663434646564613831343035653432323965666435373465633564306432656431313865336562312c636f756e7465723d33342c743d39393331392c6b696e643d64617461,iv=d14c1ec880f069740a6173ca613682a5;msg=dd9d993c410d2594ff968d25f44deda81405e4229efd574ec5d0d2ed118e3eb1;counter=34;t=99319;kind=data,133
101777,10,921.400,-27,7.25,69763d39666336356364393132663336366530366430623461656362653463313834622c6d73673d376232303334373565363639663538313664316230393436366430643166656266636166393630373833636463616135623466663561343434623833323631322c636f756e7465723d33352c743d3130313536302c6b696e643d64617461,iv=9fc65cd912f366e06d0b4aecbe4c184b;msg=7b203475e669f5816d1b09466d0d1febfcaf960783cdcaa5b4ff5a444b832612;counter=35;t=101560;kind=data,134
104012,10,921.400,-27,9.0,69763d63643731653331363032646238316231333263613034316231363430656535382c6d73673d653933333464646565336463623837326435633561333961376565393337316437663965326664653334366363666635353462303032653662326536376536652c636f756e7465723d33362c743d3130333739352c6b696e643d64617461,iv=cd71e31602db81b132ca041b1640ee58;msg=e9334ddee3dcb872d5c5a39a7ee9371d7f9e2fde346ccff554b002e6b2e67e6e;counter=36;t=103795;kind=data,134
106248,10,921.400,-26,11.0,69763d39343964396234383838316563343735633265666336626534323166313861652c6d73673d643038356564363462663965613166383537333039626632636263326535636639616266633531306631663738323139353665333035353461316635653034632c636f756e7465723d33372c743d3130363033302c6b696e643d64617461,iv=949d9b48881ec475c2efc6be421f18ae;msg=d085ed64bf9ea1f857309bf2cbc2e5cf9abfc510f1f7821956e30554a1f5e04c;counter=37;t=106030;kind=data,134
108483,10,921.400,-27,9.75,69763d65353039343133646337376330333463313135636532613034333431393839622c6d73673d386136306366316366326563303166656238623165613031343662306333396135393762386332613764343537346534336539333065353538613366653034372c636f756e7465723d33382c743d3130383236362c6b696e643d64617461,iv=e509413dc77c034c115ce2a04341989b;msg=8a60cf1cf2ec01feb8b1ea0146b0c39a597b8c2a7d4574e43e930e558a3fe047;counter=38;t=108266;kind=data,134
110718,11,923.400,-27,1.25,69763d37663030356631646565303236363933616337366537646632313535386362662c6d73673d356639373031376361656337346137623635373037646439323230303764653031383530343734653362303761366135653338393835383264643434383839302c636f756e7465723d33392c743d3131303530312c6b696e643d64617461,iv=7f005f1dee026693ac76e7df21558cbf;msg=5f97017caec74a7b65707dd922007de01850474e3b07a6a5e3898582dd448890;counter=39;t=110501;kind=data,134
112954,11,923.400,-27,2.5,69763d31303730643862396163653435323532616533393230653636663738396336392c6d73673d666265393934626435663162373732333830313430303234366537626235356532656661333765616137623864343532313633626661306235396163656531632c636f756e7465723d34302c743d3131323733362c6b696e643d64617461,iv=1070d8b9ace45252ae3920e66f789c69;msg=fbe994bd5f1b7723801400246e7bb55e2efa37eaa7b8d452163bfa0b59acee1c;counter=40;t=112736;kind=data,134
115190,11,923.400,-28,3.0,69763d65303830376161623034633138366364633537386531653162353965383965322c6d73673d613764336136646433663233393161376335323438363461653836323862663362623537366539316430376138316439396334663865623966636466353163312c636f756e7465723d34312c743d3131343937322c6b696e643d64617461,iv=e0807aab04c186cdc578e1e1b59e89e2;msg=a7d3a6dd3f2391a7c524864ae8628bf3bb576e91d07a81d99c4f8eb9fcdf51c1;counter=41;t=114972;kind=data,134
117425,11,923.400,-28,5.0,69763d61663439623533343230396166333563633665393264323338346238613166652c6d73673d613739613164396631353532333262333333633336343333613038623937663766353934383736323062306562356435613439316137353838393838383335372c636f756e7465723d34322c743d3131373230382c6b696e643d64617461,iv=af49b534209af35cc6e92d2384b8a1fe;msg=a79a1d9f155232b333c36433a08b97f7f59487620b0eb5d5a491a75889888357;counter=42;t=117208;kind=data,134
119664,11,923.400,-27,5.75,69763d63323961663931386339363230646235393630613865323835356239653835392c6d73673d643032323639346231303662376436626136663232396338373861326362343532336663356466356565336563313466356337333336393030376637373364632c636f756e7465723d34332c743d3131393434362c6b696e643d64617461,iv=c29af918c9620db5960a8e2855b9e859;msg=d022694b106b7d6ba6f229c878a2cb4523fc5df5ee3ec14f5c73369007f773dc;counter=43;t=119446;kind=data,134
121899,12,923.200,-27,3.5,69763d31656631633333333139313938373635653933306562633536333766633465312c6d73673d333238376630383733373032303063333632323266343834396234636235626532613139303430653961386161656235303261666530343335646235343261342c636f756e7465723d34342c743d3132313638322c6b696e643d64617461,iv=1ef1c33319198765e930ebc5637fc4e1;msg=3287f087370200c36222f4849b4cb5be2a19040e9a8aaeb502afe0435db542a4;counter=44;t=121682;kind=data,134
124135,12,923.200,-27,4.75,69763d66613930353732373164313135663630366166306230633664646264616436622c6d73673d653266656539316538376565383533353139396134316436396561333535666430386439626237656238376639393631386330656535383339326565313633352c636f756e7465723d34352c743d3132333931372c6b696e643d64617461,iv=fa9057271d115f606af0b0c6ddbdad6b;msg=e2fee91e87ee8535199a41d69ea355fd08d9bb7eb87f99618c0ee58392ee1635;counter=45;t=123917;kind=data,134
126370,12,923.200,-28,4.25,69763d61623836656136393765373239623530313236313562393664643036656337662c6d73673d356163376631613130353731346135303736633763613863346238343136386231393062666563353933366265346266396338333835343531383539623333612c636f756e7465723d34362c743d3132363135332c6b696e643d64617461,iv=ab86ea697e729b5012615b96dd06ec7f;msg=5ac7f1a105714a5076c7ca8c4b84168b190bfec5936be4bf9c8385451859b33a;counter=46;t=126153;kind=data,134
128607,12,923.200,-27,4.0,69763d38616137663038386366393238376164303037306633363633383738643235662c6d73673d653861663633613839633336306238646364623038373666663862623161373934366536333238326536363137343663616338333030663932326530323732372c636f756e7465723d34372c743d3132383338382c6b696e643d64617461,iv=8aa7f088cf9287ad0070f3663878d25f;msg=e8af63a89c360b8dcdb0876ff8bb1a7946e63282e661746cac8300f922e02727;counter=47;t=128388;kind=data,134
130841,13,920.800,-26,9.75,69763d32643837306231336566383462653665656439313265303462303537656236332c6d73673d373735616336356363303466636664326161323239366166663962336261613561636462373662366565313336653138386237303662663161636261666230362c636f756e7465723d34382c743d3133303632342c6b696e643d64617461,iv=2d870b13ef84be6eed912e04b057eb63;msg=775ac65cc04fcfd2aa2296aff9b3baa5acdb76b6ee136e188b706bf1acbafb06;counter=48;t=130624;kind=data,134
133077,13,920.800,-27,8.25,69763d35656566653264623563636131663862666632373162303632633533323935322c6d73673d343835376534393761306230376132353832633632353531336463313963316631373331613761636138373963303463326136373364616630333963663566382c636f756e7465723d34392c743d3133323835392c6b696e643d64617461,iv=5eefe2db5cca1f8bff271b062c532952;msg=4857e497a0b07a2582c625513dc19c1f1731a7aca879c04c2a673daf039cf5f8;counter=49;t=132859;kind=data,134
135316,13,920.800,-27,9.75,69763d30636362393434313539623939333434363335393431636562343234356362362c6d73673d363336663030363365333337336438366235396534633133356237373831386339313934363465386331626434613765643930373936353038333465383662372c636f756e7465723d35302c743d3133353039372c6b696e643d64617461,iv=0ccb944159b99344635941ceb4245cb6;msg=636f0063e3373d86b59e4c135b77818c919464e8c1bd4a7ed9079650834e86b7;counter=50;t=135097;kind=data,134
137554,13,920.800,-27,9.75,69763d62613537356364393330386434633465646539666439346433623836643164662c6d73673d626637386165323761393430323538373131373631353763303664356235356330366531666136396336373831343730313031316464623731383030636139312c636f756e7465723d35312c743d3133373333362c6b696e643d64617461,iv=ba575cd9308d4c4ede9fd94d3b86d1df;msg=bf78ae27a94025871176157c06d5b55c06e1fa69c67814701011ddb71800ca91;counter=51;t=137336;kind=data,134
139790,13,920.800,-26,9.5,69763d37633635376138626436323836313462623665343935396233666332333232352c6d73673d396466373562373762336434323463356137326435393961313263646633333539393865313430336135386334383633373531353366363630623536393831622c636f756e7465723d35322c743d3133393537322c6b696e643d64617461,iv=7c657a8bd628614bb6e4959b3fc23225;msg=9df75b77b3d424c5a72d599a12cdf335998e1403a58c486375153f660b56981b;counter=52;t=139572;kind=data,134
142025,14,920.600,-26,9.5,69763d30343263666666373261316331646162343964353462323038663430396538312c6d73673d616437376431316534333462623830383939356362366636626531323639333036353361393936623563326161323438616237613232653434306334303032342c636f756e7465723d35332c743d3134313830372c6b696e643d64617461,iv=042cfff72a1c1dab49d54b208f409e81;msg=ad77d11e434bb808995cb6f6be126930653a996b5c2aa248ab7a22e440c40024;counter=53;t=141807;kind=data,134
144261,14,920.600,-25,9.75,69763d34333232323532663534393761313664396637343132356534323633616530352c6d73673d653835313239373835306430363937366332633032333463346336353161376165313134376162626637336335633065313232646430376536313563323138322c636f756e7465723d35342c743d3134343034332c6b696e643d64617461,iv=4322252f5497a16d9f74125e4263ae05;msg=e851297850d06976c2c0234c4c651a7ae1147abbf73c5c0e122dd07e615c2182;counter=54;t=144043;kind=data,134
146497,14,920.600,-26,10.0,69763d65663132636539383339363436346366336531313564313438393431343934642c6d73673d363237616631323339376363343164633939396566386264386463666537386336326264616132633563306164306134363739323337376163613130336435302c636f756e7465723d35352c743d3134363237392c6b696e643d64617461,iv=ef12ce98396464cf3e115d148941494d;msg=627af12397cc41dc999ef8bd8dcfe78c62bdaa2c5c0ad0a46792377aca103d50;counter=55;t=146279;kind=data,134
148733,14,920.600,-25,10.25,69763d33326435373261316662343165633238393666333262633162393137636536392c6d73673d633263663536353937663436383161633336616431376236383766373365393565363065313635363733653965333031356264383330616134363131663665302c636f756e7465723d35362c743d3134383531352c6b696e643d64617461,iv=32d572a1fb41ec2896f32bc1b917ce69;msg=c2cf56597f4681ac36ad17b687f73e95e60e165673e9e3015bd830aa4611f6e0;counter=56;t=148515;kind=data,134
150971,15,921.200,-27,8.5,69763d61616536393434643738323930393039346632386566346435343332626266352c6d73673d323937373139323262313735336665623165306639623962616636396464376334393731303864646463666532373730636638333338643266343664636637342c636f756e7465723d35372c743d3135303735332c6b696e643d64617461,iv=aae6944d782909094f28ef4d5432bbf5;msg=29771922b1753feb1e0f9b9baf69dd7c497108dddcfe2770cf8338d2f46dcf74;counter=57;t=150753;kind=data,134
153207,15,921.200,-27,10.0,69763d64323139633964313664373064326132313463626439373539666261393533612c6d73673d306434663538356263393737313631363639373062363731353966333531316464613365363233363838383565383336653435633930353461646637356364332c636f756e7465723d35382c743d3135323938392c6b696e643d64617461,iv=d219c9d16d70d2a214cbd9759fba953a;msg=0d4f585bc97716166970b67159f3511dda3e62368885e836e45c9054adf75cd3;counter=58;t=152989;kind=data,134
155444,15,921.200,-27,8.75,69763d63653864626334633665323731303463643630353536313561333836343762632c6d73673d613530393336653832383433343863343931623039316434623135336432393562343736373635626333613066316462383730663563313335373761376561652c636f756e7465723d35392c743d3135353232352c6b696e643d64617461,iv=ce8dbc4c6e27104cd6055615a38647bc;msg=a50936e8284348c491b091d4b153d295b476765bc3a0f1db870f5c13577a7eae;counter=59;t=155225;kind=data,134
157680,15,921.200,-27,9.5,69763d36366566373864346362656633333165376131313338633366343032613165342c6d73673d373530666337623237633831393139666663626537616537663235643661613938336365353332303064373838643234343230343934333539343562306132302c636f756e7465723d36302c743d3135373436312c6b696e643d64617461,iv=66ef78d4cbef331e7a1138c3f402a1e4;msg=750fc7b27c81919ffcbe7ae7f25d6aa983ce53200d788d2442049435945b0a20;counter=60;t=157461;kind=data,134
159916,15,921.200,-27,9.0,69763d62313963626165396365386437643139653030616131353937643739373932362c6d73673d633133613663383735363736393133363864376337393865346464393834646437383837666662396465653838663431336238376364666530656361356632642c636f756e7465723d36312c743d3135393639372c6b696e643d64617461,iv=b19cbae9ce8d7d19e00aa1597d797926;msg=c13a6c87567691368d7c798e4dd984dd7887ffb9dee88f413b87cdfe0eca5f2d;counter=61;t=159697;kind=data,134
162155,16,921.000,-27,9.0,69763d63356231363838616364626461633633333439326535376232383134653036352c6d73673d636663623364383734383361343663383636636365383861363266386636623339326433383836383835653965383162393566366139343037373864666463322c636f756e7465723d36322c743d3136313933332c6b696e643d64617461,iv=c5b1688acdbdac633492e57b2814e065;msg=cfcb3d87483a46c866cce88a62f8f6b392d3886885e9e81b95f6a940778dfdc2;counter=62;t=161933;kind=data,134
164393,16,921.000,-27,10.0,69763d37356566383537616663313034636465653537616130666464386361396464372c6d73673d323365343038313339373863383165326230356564333239323534633764623062313566313562386339336537303231663563633464343762313039383030372c636f756e7465723d36332c743d3136343137352c6b696e643d64617461,iv=75ef857afc104cdee57aa0fdd8ca9dd7;msg=23e40813978c81e2b05ed329254c7db0b15f15b8c93e7021f5cc4d47b1098007;counter=63;t=164175;kind=data,134
166630,16,921.000,-27,9.75,69763d63386164633332326137303838616233663034623139373933643563643462372c6d73673d636639396134313163626365623265616262663630353836333334353935363930376335386133653337343136653335633061613433323136363235653038642c636f756e7465723d36342c743d3136363431312c6b696e643d64617461,iv=c8adc322a7088ab3f04b19793d5cd4b7;msg=cf99a411cbceb2eabbf605863345956907c58a3e37416e35c0aa43216625e08d;counter=64;t=166411;kind=data,134
168865,16,921.000,-27,9.75,69763d34333538356535323934373530336164626432353664316465383838616634632c6d73673d663737616538626531653165373961336266656632343531393334323462643264633330303933613935326666373230353532326430343365663533626261652c636f756e7465723d36352c743d3136383634372c6b696e643d64617461,iv=43585e52947503adbd256d1de888af4c;msg=f77ae8be1e1e79a3bfef245193424bd2dc30093a952ff7205522d043ef53bbae;counter=65;t=168647;kind=data,134
171102,17,921.600,-27,9.0,69763d32336338383134306333396664643062343862626133646363373738343166312c6d73673d373236396532383531653165303038396163326339306430333333653865633064653662343664316134326337313838613865363565663639636431356131352c636f756e7465723d36362c743d3137303838332c6b696e643d64617461,iv=23c88140c39fdd0b48bba3dcc77841f1;msg=7269e2851e1e0089ac2c90d0333e8ec0de6b46d1a42c7188a8e65ef69cd15a15;counter=66;t=170883;kind=data,134
173338,17,921.600,-27,8.0,69763d30303934323135633036326662653366303565633938323562316533653766652c6d73673d363134666635366362616163346565326162393365633762636131383433626533643064336163366437646465653062616432646662376436613837373333622c636f756e7465723d36372c743d3137333131392c6b696e643d64617461,iv=0094215c062fbe3f05ec9825b1e3e7fe;msg=614ff56cbaac4ee2ab93ec7bca1843be3d0d3ac6d7ddee0bad2dfb7d6a87733b;counter=67;t=173119;kind=data,134
175576,17,921.600,-26,9.0,69763d65656139323831643566323630646638393135353266356163613964363136342c6d73673d373565653635353265623262313261363330373034656361393761346364633365366231373534613766396662323066336130343262623035666139303334652c636f756e7465723d36382c743d3137353335382c6b696e643d64617461,iv=eea9281d5f260df891552f5aca9d6164;msg=75ee6552eb2b12a630704eca97a4cdc3e6b1754a7f9fb20f3a042bb05fa9034e;counter=68;t=175358;kind=data,134
177813,17,921.600,-27,9.75,69763d62396237646561313865646236303831316634613937393634363934623163632c6d73673d666535363637376362663063643934366366646238333365373235323633356434376139303764646364373536613963613930393339353866386133626265662c636f756e7465723d36392c743d3137373539342c6b696e643d64617461,iv=b9b7dea18edb60811f4a97964694b1cc;msg=fe56677cbf0cd946cfdb833e7252635d47a907ddcd756a9ca9093958f8a3bbef;counter=69;t=177594;kind=data,134
180049,17,921.600,-27,8.75,69763d61346639326232646134336333643366336232306432343063663063633864332c6d73673d303664653136633336326363306235616464396335323939353265666432326266373736313232643733653733393164636333303430323835623835623531392c636f756e7465723d37302c743d3137393833302c6b696e643d64617461,iv=a4f92b2da43c3d3f3b20d240cf0cc8d3;msg=06de16c362cc0b5add9c529952efd22bf776122d73e7391dcc3040285b85b519;counter=70;t=179830;kind=data,134
182285,18,921.400,-26,9.75,69763d39396134346538643437356163623965626133353762623062626630633635342c6d73673d643430363933336537373937353137343064336337663364646535346366613235303138383135633333623337623031353034343639306537303438613934302c636f756e7465723d37312c743d3138323036362c6b696e643d64617461,iv=99a44e8d475acb9eba357bb0bbf0c654;msg=d406933e779751740d3c7f3dde54cfa25018815c33b37b015044690e7048a940;counter=71;t=182066;kind=data,134
184521,18,921.400,-26,9.75,69763d66393665666337303064373961333764363935326230383132646237363663322c6d73673d383431326461323532623561373236363239313964643138656239666637336164346530656238336664613562653439633636303436626431376330326536382c636f756e7465723d37322c743d3138343330322c6b696e643d64617461,iv=f96efc700d79a37d6952b0812db766c2;msg=8412da252b5a72662919dd18eb9ff73ad4e0eb83fda5be49c66046bd17c02e68;counter=72;t=184302;kind=data,134
186761,18,921.400,-27,10.0,69763d62326463666333336539326366636532363665323137346534343338613166322c6d73673d343061633262346165353131386534353164316130323762616132643161633333343935643338386233383034373762336262383734333233326637306139302c636f756e7465723d37332c743d3138363534312c6b696e643d64617461,iv=b2dcfc33e92cfce266e2174e4438a1f2;msg=40ac2b4ae5118e451d1a027baa2d1ac33495d388b380477b3bb8743232f70a90;counter=73;t=186541;kind=data,134
188997,18,921.400,-27,10.0,69763d65363035646639303864643866363530336333653037366461373564636638642c6d73673d623530336263373965313934363238643038386539303163303461643336303061333138396235653831373130373834643031366637336666376364313435612c636f756e7465723d37342c743d3138383737382c6b696e643d64617461,iv=e605df908dd8f6503c3e076da75dcf8d;msg=b503bc79e194628d088e901c04ad3600a3189b5e81710784d016f73ff7cd145a;counter=74;t=188778;kind=data,134
191233,19,923.400,-27,4.0,69763d34373430343565653636356461323365636439386336643637363930316337652c6d73673d373138383565303939393038636265383637366132316530303538323532346436336361323966396131303066623464313165613137333731636330326264342c636f756e7465723d37352c743d3139313031342c6b696e643d64617461,iv=474045ee665da23ecd98c6d676901c7e;msg=71885e099908cbe8676a21e00582524d63ca29f9a100fb4d11ea17371cc02bd4;counter=75;t=191014;kind=data,134
193471,19,923.400,-27,4.5,69763d36663165636265633132356262373436393431636261386661366239323161362c6d73673d613766343862383734373731393734376239643765303036643932376337623963303431663433393764316630363134363034346238653361616365373863662c636f756e7465723d37362c743d3139333235302c6b696e643d64617461,iv=6f1ecbec125bb746941cba8fa6b921a6;msg=a7f48b8747719747b9d7e006d927c7b9c041f4397d1f06146044b8e3aace78cf;counter=76;t=193250;kind=data,134
195706,19,923.400,-27,5.5,69763d64616464666665363335623238383032616434636638346439376636643130612c6d73673d383366613931313732666362383664663932393239383761633235366464626238373562383362306465363639653963646235343235636433613437353566302c636f756e7465723d37372c743d3139353438372c6b696e643d64617461,iv=daddffe635b28802ad4cf84d97f6d10a;msg=83fa91172fcb86df9292987ac256ddbb875b83b0de669e9cdb5425cd3a4755f0;counter=77;t=195487;kind=data,134
197945,19,923.400,-27,3.0,69763d32613239633335646635323433643961376562663930356134643331396237322c6d73673d393863376336393466326331636664663062353139363436663830303338663538633236643464653862653331356438363633333865663165643334363461632c636f756e7465723d37382c743d3139373732362c6b696e643d64617461,iv=2a29c35df5243d9a7ebf905a4d319b72;msg=98c7c694f2c1cfdf0b519646f80038f58c26d4de8be315d866338ef1ed3464ac;counter=78;t=197726;kind=data,134
200182,19,923.400,-27,1.0,69763d64666635353065376466363565353732616638383138646231383935393833312c6d73673d343462383835656638653563316565663566613430623962643535323339396332373833386533383538303065343264396636333535343133323435343761652c636f756e7465723d37392c743d3139393936322c6b696e643d64617461,iv=dff550e7df65e572af8818db18959831;msg=44b885ef8e5c1eef5fa40b9bd552399c27838e385800e42d9f635541324547ae;counter=79;t=199962;kind=data,134
202418,20,923.200,-27,7.75,69763d64313535363335383862343130323061613438613238363437633163366163642c6d73673d353930663034633064613439663539613733626436623430313961306233633634346561633039393037663338396136353234366138346561313035393334622c636f756e7465723d38302c743d3230323139392c6b696e643d64617461,iv=d15563588b41020aa48a28647c1c6acd;msg=590f04c0da49f59a73bd6b4019a0b3c644eac09907f389a65246a84ea105934b;counter=80;t=202199;kind=data,134
204655,20,923.200,-27,4.25,69763d36313464653266643665306431633835633162366130383364336163346265632c6d73673d643432663838653538363431653732323739343037353930393535323864636238646336376435366634326133336663323734356131323436373930353562372c636f756e7465723d38312c743d3230343433362c6b696e643d64617461,iv=614de2fd6e0d1c85c1b6a083d3ac4bec;msg=d42f88e58641e7227940759095528dcb8dc67d56f42a33fc2745a124679055b7;counter=81;t=204436;kind=data,134
206894,20,923.200,-27,4.5,69763d38636562396261383936363862636136633566356239336636323736366536632c6d73673d373033393438343632373366343831653430313264326232306134653338663163313730363334643935336261316332653539636264336637663738313764342c636f756e7465723d38322c743d3230363637322c6b696e643d64617461,iv=8ceb9ba89668bca6c5f5b93f62766e6c;msg=70394846273f481e4012d2b20a4e38f1c170634d953ba1c2e59cbd3f7f7817d4;counter=82;t=206672;kind=data,134
209133,20,923.200,-27,4.0,69763d36643264363466663730313163333966363561646436353866343665613464642c6d73673d323039373735623137363061663464373038626333353733656332313439323965393465336238326635623338623535656665316364353432373961386335632c636f756e7465723d38332c743d3230383931342c6b696e643d64617461,iv=6d2d64ff7011c39f65add658f46ea4dd;msg=209775b1760af4d708bc3573ec214929e94e3b82f5b38b55efe1cd54279a8c5c;counter=83;t=208914;kind=data,134
211369,21,920.800,-27,9.75,69763d36376434333961653261363166633737393864373533653934303034666337662c6d73673d363364363736663938396262613535303839626364373137393435363535343663636165343766353835633437616361653563636430313938363734313633662c636f756e7465723d38342c743d3231313135302c6b696e643d64617461,iv=67d439ae2a61fc7798d753e94004fc7f;msg=63d676f989bba55089bcd71794565546ccae47f585c47acae5ccd0198674163f;counter=84;t=211150;kind=data,134
213606,21,920.800,-26,10.0,69763d35333164306633613034643232366263333437316233306631386437386165322c6d73673d343733313265333638333937323939363039323032373932616134376363326430386138323531376665366130393636393638303261323566373237626530352c636f756e7465723d38352c743d3231333338372c6b696e643d64617461,iv=531d0f3a04d226bc3471b30f18d78ae2;msg=47312e368397299609202792aa47cc2d08a82517fe6a096696802a25f727be05;counter=85;t=213387;kind=data,134
215843,21,920.800,-27,9.0,69763d65613830343731373463373237316530643535353833346166316263626664622c6d73673d336462326638653864393534653262653833643130633362623836353038626663393066333033383134386533633538626365333733346432613638623063352c636f756e7465723d38362c743d3231353632332c6b696e643d64617461,iv=ea8047174c7271e0d555834af1bcbfdb;msg=3db2f8e8d954e2be83d10c3bb86508bfc90f3038148e3c58bce3734d2a68b0c5;counter=86;t=215623;kind=data,134
218082,21,920.800,-26,9.5,69763d32353336656234333165306363376365623762366561326433616663333735622c6d73673d306337643965326237643037363563633164646130373238616535613632666664653832313266633063646335633564366366616265323766643537306532382c636f756e7465723d38372c743d3231373836322c6b696e643d64617461,iv=2536eb431e0cc7ceb7b6ea2d3afc375b;msg=0c7d9e2b7d0765cc1dda0728ae5a62ffde8212fc0cdc5c5d6cfabe27fd570e28;counter=87;t=217862;kind=data,134
222555,22,920.600,-26,10.0,69763d35386335323964396132373636653734356135623335623536646162316664392c6d73673d366137333266653864633635326563623362623633656364323063303132366335666362323037616634306461323232636464623934363363633339656135652c636f756e7465723d38392c743d3232323333352c6b696e643d64617461,iv=58c529d9a2766e745a5b35b56dab1fd9;msg=6a732fe8dc652ecb3bb63ecd20c0126c5fcb207af40da222cddb9463cc39ea5e;counter=89;t=222335;kind=data,134
224792,22,920.600,-26,9.5,69763d36366630346636383434623932323330386139313938376138353066363238352c6d73673d346239336562316561313062643730353263306639353737636333306665343133343966303061663837383064303730336138613838363838613762646666612c636f756e7465723d39302c743d3232343537322c6b696e643d64617461,iv=66f04f6844b922308a91987a850f6285;msg=4b93eb1ea10bd7052c0f9577cc30fe41349f00af8780d0703a8a88688a7bdffa;counter=90;t=224572;kind=data,134
227031,22,920.600,-26,9.5,69763d32303434316365323864656130333762393762666633356639393063646264392c6d73673d613838613935636633623061616562356434646236383264316563646632346331623065393733336266356633663166656139643034313437666237346131622c636f756e7465723d39312c743d3232363831312c6b696e643d64617461,iv=20441ce28dea037b97bff35f990cdbd9;msg=a88a95cf3b0aaeb5d4db682d1ecdf24c1b0e9733bf5f3f1fea9d04147fb74a1b;counter=91;t=226811;kind=data,134
229268,22,920.600,-25,10.0,69763d66303862326664616261336562623731663633363863303336353835303065392c6d73673d646464653634643666636236643136303637333739303161663637396261323135356132376134376539373336393261386539393931633861613936383661332c636f756e7465723d39322c743d3232393034382c6b696e643d64617461,iv=f08b2fdaba3ebb71f6368c03658500e9;msg=ddde64d6fcb6d1606737901af679ba2155a27a47e973692a8e9991c8aa9686a3;counter=92;t=229048;kind=data,134
231505,23,921.200,-27,9.25,69763d38366437353338346565363432613636393930393963303336383338333431352c6d73673d663665663738393439326439623335313865633334363633373538616561643732386261633233396334363661303061646431646336363637613835666638342c636f756e7465723d39332c743d3233313238352c6b696e643d64617461,iv=86d75384ee642a6699099c0368383415;msg=f6ef789492d9b3518ec34663758aead728bac239c466a00add1dc6667a85ff84;counter=93;t=231285;kind=data,134
233742,23,921.200,-27,10.0,69763d65666532353163396565323263616636373039613034316133303839393430362c6d73673d663865613362306564626566646465306638633335313066343864636232666434633432636363663335303962626236333366626634366365376535663931372c636f756e7465723d39342c743d3233333532322c6b696e643d64617461,iv=efe251c9ee22caf6709a041a30899406;msg=f8ea3b0edbefdde0f8c3510f48dcb2fd4c42cccf3509bbb633fbf46ce7e5f917;counter=94;t=233522;kind=data,134
235981,23,921.200,-27,9.75,69763d61623566656135373831333237643039353432653265393834653135636238312c6d73673d623031313762656162363966386435303036376563376566616439336238663836353836323662623033393165383033633131613238386561393731346536642c636f756e7465723d39352c743d3233353736312c6b696e643d64617461,iv=ab5fea5781327d09542e2e984e15cb81;msg=b0117beab69f8d50067ec7efad93b8f8658626bb0391e803c11a288ea9714e6d;counter=95;t=235761;kind=data,134
238218,23,921.200,-27,9.5,69763d33396638613633353232303339353330663866393661623438306238373466372c6d73673d663033616464313831653861643030623733663031626162633937313566343436656436666363363033373834383762306634333531373239643332646462612c636f756e7465723d39362c743d3233373939382c6b696e643d64617461,iv=39f8a63522039530f8f96ab480b874f7;msg=f03add181e8ad00b73f01babc9715f446ed6fcc60378487b0f4351729d32ddba;counter=96;t=237998;kind=data,134
242692,24,921.000,-27,9.5,69763d64323162393333373961376661656265366464633636633931633033633663312c6d73673d393435366335393861303430626364626539636262363132326535633335616637626663333231376338366464663463376634343030313931343234636133312c636f756e7465723d39382c743d3234323437322c6b696e643d64617461,iv=d21b93379a7faebe6ddc66c91c03c6c1;msg=9456c598a040bcdbe9cbb6122e5c35af7bfc3217c86ddf4c7f4400191424ca31;counter=98;t=242472;kind=data,134
244932,24,921.000,-27,10.0,69763d37326162393634393465306461313137643866333334626434623263373762322c6d73673d343365643133333062643335613964663663336364616131313735666165396239656430326433376433326366346466313666633435633430663732326535362c636f756e7465723d39392c743d3234343731322c6b696e643d64617461,iv=72ab96494e0da117d8f334bd4b2c77b2;msg=43ed1330bd35a9df6c3cdaa1175fae9b9ed02d37d32cf4df16fc45c40f722e56;counter=99;t=244712;kind=data,134
247174,24,921.000,-27,9.75,69763d33343864303733356464346634666133626665333364323365303933633234622c6d73673d363462323230666462356534306166663238646466663164316138636661336330383966646463333463633033313234366238313333363261316134323939632c636f756e7465723d3130302c743d3234363934392c6b696e643d64617461,iv=348d0735dd4f4fa3bfe33d23e093c24b;msg=64b220fdb5e40aff28ddff1d1a8cfa3c089fddc34cc031246b813362a1a4299c;counter=100;t=246949;kind=data,135
249416,24,921.000,-27,9.0,69763d63343962666663356638356531393731653537383739646564333832306438642c6d73673d613739346338386235303032396664323238646566653464666265376239636438353863343137633363663965306336666336316464623234656330613231362c636f756e7465723d3130312c743d3234393139302c6b696e643d64617461,iv=c49bffc5f85e1971e57879ded3820d8d;msg=a794c88b50029fd228defe4dfbe7b9cd858c417c3cf9e0c6fc61ddb24ec0a216;counter=101;t=249190;kind=data,135
251657,25,921.600,-27,8.25,69763d35613065326164336237663537613236306161653433366437626364386339622c6d73673d633535386162646533336266636265623632343431376265326536353133633237333938363531643337316635636361333339353362346232366562363633652c636f756e7465723d3130322c743d3235313433322c6b696e643d64617461,iv=5a0e2ad3b7f57a260aae436d7bcd8c9b;msg=c558abde33bfcbeb624417be2e6513c27398651d371f5cca33953b4b26eb663e;counter=102;t=251432;kind=data,135
253901,25,921.600,-27,8.0,69763d35393139323339343663353233663433323638333763613034346436336639322c6d73673d363137363966326533643338646339383330363862363639303465303538353033613839303734333830386361396337656338653562393836623536383864322c636f756e7465723d3130332c743d3235333637362c6b696e643d64617461,iv=591923946c523f4326837ca044d63f92;msg=61769f2e3d38dc983068b66904e058503a890743808ca9c7ec8e5b986b5688d2;counter=103;t=253676;kind=data,135
256143,25,921.600,-27,9.5,69763d62613836616232346461313663323231643637353630376662376631376337362c6d73673d336138633832613862313964376636366566313066633435663930373533303766633135336561303664336637303434643134616132383432393561366261312c636f756e7465723d3130342c743d3235353931382c6b696e643d64617461,iv=ba86ab24da16c221d675607fb7f17c76;msg=3a8c82a8b19d7f66ef10fc45f9075307fc153ea06d3f7044d14aa284295a6ba1;counter=104;t=255918;kind=data,135
258385,25,921.600,-27,8.5,69763d31393861373334303366653131656338353461316638633561353161633739652c6d73673d623834336232666138353764326431636531666335373330383730346261343563316331343036653362353932623032373532666663663665363663393366352c636f756e7465723d3130352c743d3235383136302c6b696e643d64617461,iv=198a73403fe11ec854a1f8c5a51ac79e;msg=b843b2fa857d2d1ce1fc57308704ba45c1c1406e3b592b02752ffcf6e66c93f5;counter=105;t=258160;kind=data,135
260629,26,921.400,-27,8.75,69763d39656236656662383137616537353366303265376432336163373263656534312c6d73673d336230336430383433396534343032363434373964326237323834366163643238343737333063616636616262613132366461643635616135326231646233342c636f756e7465723d3130362c743d3236303430342c6b696e643d64617461,iv=9eb6efb817ae753f02e7d23ac72cee41;msg=3b03d08439e440264479d2b72846acd2847730caf6abba126dad65aa52b1db34;counter=106;t=260404;kind=data,135
262871,26,921.400,-27,8.75,69763d34326134613937366134316530316636363837386631323038623934386332392c6d73673d663236373531643764643832346439363630613465363235383561313062653165663738333532353263396263376463353831353533396632616166316233332c636f756e7465723d3130372c743d3236323634362c6b696e643d64617461,iv=42a4a976a41e01f66878f1208b948c29;msg=f26751d7dd824d9660a4e62585a10be1ef7835252c9bc7dc5815539f2aaf1b33;counter=107;t=262646;kind=data,135
265113,26,921.400,-27,9.5,69763d32653361313130643330663363303332376235653336633830323964633739352c6d73673d303832623264653030333661323839643865633061383531326438623361376436613364666135373938383661633332643931306630356331376261303638302c636f756e7465723d3130382c743d3236343838382c6b696e643d64617461,iv=2e3a110d30f3c0327b5e36c8029dc795;msg=082b2de0036a289d8ec0a8512d8b3a7d6a3dfa579886ac32d910f05c17ba0680;counter=108;t=264888;kind=data,135
267358,26,921.400,-27,9.5,69763d65616231333030626438663932633933326139633166363532643431656362642c6d73673d306635633762383032393932383266393131306664336132383361636334613930613736323536663638316434383265396331613763623464643235353962652c636f756e7465723d3130392c743d3236373133322c6b696e643d64617461,iv=eab1300bd8f92c932a9c1f652d41ecbd;msg=0f5c7b80299282f9110fd3a283acc4a90a76256f681d482e9c1a7cb4dd2559be;counter=109;t=267132;kind=data,135
269600,26,921.400,-27,8.75,69763d32323633346133613964376666613131303035303431383830373437393934342c6d73673d626263613462393564343132666664313566353432613234623731333063366566636535323033333035393939633735303463363837393534663333643237342c636f756e7465723d3131302c743d3236393337342c6b696e643d64617461,iv=22634a3a9d7ffa110050418807479944;msg=bbca4b95d412ffd15f542a24b7130c6efce5203305999c7504c687954f33d274;counter=110;t=269374;kind=data,135
271842,27,923.400,-27,0.75,69763d61383234633230613761373437373366616236383431303134636263626131612c6d73673d353563396335323238663732353463313266656132383834333533626439633138643361373339633833373763636337353233613933386438353464626265632c636f756e7465723d3131312c743d3237313631362c6b696e643d64617461,iv=a824c20a7a74773fab6841014cbcba1a;msg=55c9c5228f7254c12fea2884353bd9c18d3a739c8377ccc7523a938d854dbbec;counter=111;t=271616;kind=data,135
274086,27,923.400,-29,0.5,69763d31643536613734373863306335363330623837343231363134343463303735632c6d73673d656137313265636336663235303231616435376336623238393331376232316132313730633537363336333136303731383734383435303365343432373761662c636f756e7465723d3131322c743d3237333835382c6b696e643d64617461,iv=1d56a7478c0c5630b8742161444c075c;msg=ea712ecc6f25021ad57c6b289317b21a2170c5763631607187484503e44277af;counter=112;t=273858;kind=data,135
276330,27,923.400,-28,0.5,69763d66633561303736336432343532636336653365653663323835376462333836362c6d73673d336564346165316139643962373463383639363261323563626435376337636437353537323834643730626564363933343831643838306335336461636135362c636f756e7465723d3131332c743d3237363130352c6b696e643d64617461,iv=fc5a0763d2452cc6e3ee6c2857db3866;msg=3ed4ae1a9d9b74c86962a25cbd57c7cd7557284d70bed693481d880c53daca56;counter=113;t=276105;kind=data,135
278573,27,923.400,-28,1.5,69763d64353335323561626362373033353734636537653131386166333937323363322c6d73673d666665613235376264346466623965313435656230666231386430303433646465383037333938396538303432653361356138653535376333616163333434322c636f756e7465723d3131342c743d3237383334372c6b696e643d64617461,iv=d53525abcb703574ce7e118af39723c2;msg=ffea257bd4dfb9e145eb0fb18d0043dde8073989e8042e3a5a8e557c3aac3442;counter=114;t=278347;kind=data,135
280815,28,923.200,-27,1.75,69763d39623063666665343963383138613561313762303934643237616133353764342c6d73673d383461353038343766323465323662353166373836336265666638376264663064393764616463323938626261383732383631343263343437633865623734352c636f756e7465723d3131352c743d3238303538392c6b696e643d64617461,iv=9b0cffe49c818a5a17b094d27aa357d4;msg=84a50847f24e26b51f7863beff87bdf0d97dadc298bba87286142c447c8eb745;counter=115;t=280589;kind=data,135
283059,28,923.200,-27,3.5,69763d32376232623563376134313532323038616266656533396235353666356439362c6d73673d343730626432343236326666366438626634353663623137333064363965653831376339613235616232643733343436363533356330363764316536653234392c636f756e7465723d3131362c743d3238323833332c6b696e643d64617461,iv=27b2b5c7a4152208abfee39b556f5d96;msg=470bd24262ff6d8bf456cb1730d69ee817c9a25ab2d734466535c067d1e6e249;counter=116;t=282833;kind=data,135
285301,28,923.200,-28,4.25,69763d35353262366639633438383563373963373066363332396164353038623636332c6d73673d386531383063336265653463313664326131643933306233326564346334323530383663613437643963663734326433303966663830616363643734396166652c636f756e7465723d3131372c743d3238353037352c6b696e643d64617461,iv=552b6f9c4885c79c70f6329ad508b663;msg=8e180c3bee4c16d2a1d930b32ed4c425086ca47d9cf742d309ff80accd749afe;counter=117;t=285075;kind=data,135
287543,28,923.200,-29,3.5,69763d64626364366463353161333134613735303932343638343036646365656164632c6d73673d346638616237376538376237356262303664633033313961656462393237353931376565323562613564343165323032346465313439366365373163303938342c636f756e7465723d3131382c743d3238373331382c6b696e643d64617461,iv=dbcd6dc51a314a75092468406dceeadc;msg=4f8ab77e87b75bb06dc0319aedb9275917ee25ba5d41e2024de1496ce71c0984;counter=118;t=287318;kind=data,135
289789,28,923.200,-28,4.5,69763d64366535656464303436616136656230333565633662646365396364363461342c6d73673d363866363966343530333033356134646339623034363763653639356665363238313134363632663264343631666432636531636131313265643562353638352c636f756e7465723d3131392c743d3238393536322c6b696e643d64617461,iv=d6e5edd046aa6eb035ec6bdce9cd64a4;msg=68f69f4503035a4dc9b0467ce695fe628114662f2d461fd2ce1ca112ed5b5685;counter=119;t=289562;kind=data,135
292031,29,920.800,-27,9.75,69763d30313133363462336461316234396434323865616432313236393261333430612c6d73673d356464366539313831363063626132626536306637313130386539356334656239393163313232646433323533366362646538623964376537373435616639332c636f756e7465723d3132302c743d3239313830352c6b696e643d64617461,iv=011364b3da1b49d428ead212692a340a;msg=5dd6e918160cba2be60f71108e95c4eb991c122dd32536cbde8b9d7e7745af93;counter=120;t=291805;kind=data,135
294273,29,920.800,-27,9.75,69763d30643632353030353639633435633435376461376166353538373561363363632c6d73673d663462393464623161663531316236613438343537623033626133656135313433366231353666373137316463343138396237376136636134616564336364382c636f756e7465723d3132312c743d3239343034372c6b696e643d64617461,iv=0d62500569c45c457da7af55875a63cc;msg=f4b94db1af511b6a48457b03ba3ea51436b156f7171dc4189b77a6ca4aed3cd8;counter=121;t=294047;kind=data,135
296518,29,920.800,-27,9.75,69763d64666665353433323561363861336265313563666633396433303961633861612c6d73673d633131346362616337306162626139386533343762306238366465636338636238666135396330626232343964633232383764336138353161663135633034332c636f756e7465723d3132322c743d3239363239312c6b696e643d64617461,iv=dffe54325a68a3be15cff39d309ac8aa;msg=c114cbac70abba98e347b0b86decc8cb8fa59c0bb249dc2287d3a851af15c043;counter=122;t=296291;kind=data,135
298760,29,920.800,-28,9.25,69763d39623438313265386664623039623630653035363564366136303062663763622c6d73673d623064653561366534343530363333333332663633366337303138373766633431333936633566623564323264396664306464343361633235333335373538612c636f756e7465723d3132332c743d3239383533342c6b696e643d64617461,iv=9b4812e8fdb09b60e0565d6a600bf7cb;msg=b0de5a6e4450633332f636c701877fc41396c5fb5d22d9fd0dd43ac25335758a;counter=123;t=298534;kind=data,135
301004,30,920.600,-28,9.75,69763d37666139656530326362663231633830366362326235363231383434323333622c6d73673d663463663264333065353263306533653962613330353637323863633964666564663132386663626635373262303030333834373964316438396438353464612c636f756e7465723d3132342c743d3330303737362c6b696e643d64617461,iv=7fa9ee02cbf21c806cb2b5621844233b;msg=f4cf2d30e52c0e3e9ba3056728cc9dfedf128fcbf572b00038479d1d89d854da;counter=124;t=300776;kind=data,135
303249,30,920.600,-27,9.75,69763d61326564396130303139653161386361383032633564393463633339613332372c6d73673d343931386631623961356136313963636438646166653866653062643866383832363830323265376630383466636562316137343230623162336236336533372c636f756e7465723d3132352c743d3330333032312c6b696e643d64617461,iv=a2ed9a0019e1a8ca802c5d94cc39a327;msg=4918f1b9a5a619ccd8dafe8fe0bd8f88268022e7f084fceb1a7420b1b3b63e37;counter=125;t=303021;kind=data,135
305490,30,920.600,-26,9.75,69763d62393239653731343465316336353235623832643766373534333633333161322c6d73673d356330643838656432326665346533306639323933643266663139313731623831383132663261626363323264663063303530373337363132363536373930652c636f756e7465723d3132362c743d3330353236332c6b696e643d64617461,iv=b929e7144e1c6525b82d7f75436331a2;msg=5c0d88ed22fe4e30f9293d2ff19171b81812f2abcc22df0c050737612656790e;counter=126;t=305263;kind=data,135
307735,30,920.600,-27,9.75,69763d64643364303832613562383035353765336462356537303263646630666538662c6d73673d646266396238626130623466613064666331396266386137326166633536656538633739383165626365616361336365356165343661383062646166636136312c636f756e7465723d3132372c743d3330373530362c6b696e643d64617461,iv=dd3d082a5b80557e3db5e702cdf0fe8f;msg=dbf9b8ba0b4fa0dfc19bf8a72afc56ee8c7981ebceaca3ce5ae46a80bdafca61;counter=127;t=307506;kind=data,135
309980,30,920.600,-27,9.75,69763d62376638373333656463663138666334393739393761363633636638666632312c6d73673d363265376165643462666561666237353036656233373632393133313336306564646138636631343736373438346335353532386133383538303763316462322c636f756e7465723d3132382c743d3330393735342c6b696e643d64617461,iv=b7f8733edcf18fc497997a663cf8ff21;msg=62e7aed4bfeafb7506eb37629131360edda8cf14767484c55528a385807c1db2;counter=128;t=309754;kind=data,135
312222,31,921.200,-28,9.5,69763d31386663303931386166306631303631333630376263383437393136363239342c6d73673d626234366134626435323862326664616131666132306437393735643330316666396431633134326535306433633263373131616533313436313362333836312c636f756e7465723d3132392c743d3331313939362c6b696e643d64617461,iv=18fc0918af0f10613607bc8479166294;msg=bb46a4bd528b2fdaa1fa20d7975d301ff9d1c142e50d3c2c711ae314613b3861;counter=129;t=311996;kind=data,135
314468,31,921.200,-27,8.5,69763d35646438643838303666323866656335396433343663653338313366373537362c6d73673d643632643861646263303138633732633638393832643338663061346433623761323939393166353136393734636337363733333861306662346663656566332c636f756e7465723d3133302c743d3331343234312c6b696e643d64617461,iv=5dd8d8806f28fec59d346ce3813f7576;msg=d62d8adbc018c72c68982d38f0a4d3b7a29991f516974cc767338a0fb4fceef3;counter=130;t=314241;kind=data,135
316710,31,921.200,-27,8.25,69763d34613133343264636438653637613461663437333131666361646266373531352c6d73673d616537303232336438363965313965323538363233323133623235633636616531373830316435353066633838333462363033353366376139653334663066392c636f756e7465723d3133312c743d3331363438342c6b696e643d64617461,iv=4a1342dcd8e67a4af47311fcadbf7515;msg=ae70223d869e19e258623213b25c66ae17801d550fc8834b60353f7a9e34f0f9;counter=131;t=316484;kind=data,135
318953,31,921.200,-27,9.5,69763d31376137343330393230613833626630373733623366616136616131666635662c6d73673d626639623036636537303535386661326263353631313730376438386539633634653462363039306662363764363336383431356666333933396536323262372c636f756e7465723d3133322c743d3331383732362c6b696e643d64617461,iv=17a7430920a83bf0773b3faa6aa1ff5f;msg=bf9b06ce70558fa2bc5611707d88e9c64e4b6090fb67d6368415ff3939e622b7;counter=132;t=318726;kind=data,135
321198,32,921.000,-28,9.5,69763d66363739393334316533373938313130313934633962376237303935336336382c6d73673d663062376530386633363432613037623734326638623562653335323663346435336161656131343330343639373834356230656138646234656336656130332c636f756e7465723d3133332c743d3332303937312c6b696e643d64617461,iv=f6799341e3798110194c9b7b70953c68;msg=f0b7e08f3642a07b742f8b5be3526c4d53aaea14304697845b0ea8db4ec6ea03;counter=133;t=320971;kind=data,135
323440,32,921.000,-27,9.0,69763d61613037623632623437336531323162653534653264656661363137626232662c6d73673d383466356531353763666236393537373332666631656466626539616163343632623933393635643462356436373333333732643138643338366362326631342c636f756e7465723d3133342c743d3332333231342c6b696e643d64617461,iv=aa07b62b473e121be54e2defa617bb2f;msg=84f5e157cfb6957732ff1edfbe9aac462b93965d4b5d6733372d18d386cb2f14;counter=134;t=323214;kind=data,135
325683,32,921.000,-28,9.25,69763d36336633393635316164653363613237653539626664363363346230643638612c6d73673d323034366162353231393963343764303434666337633239363464356562306363613237393961336230396164623437343162333366346561313065616239662c636f756e7465723d3133352c743d3332353435362c6b696e643d64617461,iv=63f39651ade3ca27e59bfd63c4b0d68a;msg=2046ab52199c47d044fc7c2964d5eb0cca2799a3b09adb4741b33f4ea10eab9f;counter=135;t=325456;kind=data,135
327928,32,921.000,-27,10.0,69763d61616236376466613930633763383764633634656231663333363636383238352c6d73673d633030393634353636343831376161366663346238336539653639613639643735373732353366316462666662613236656331306631626134636562383961622c636f756e7465723d3133362c743d3332373730312c6b696e643d64617461,iv=aab67dfa90c7c87dc64eb1f336668285;msg=c009645664817aa6fc4b83e9e69a69d7577253f1dbffba26ec10f1ba4ceb89ab;counter=136;t=327701;kind=data,135
330171,32,921.000,-27,9.5,69763d66623166643439373232653839313066626132336464383930376264336137352c6d73673d383762356337653630366133316462343861343134616662666639323566326530356631333534643031383630373836383932356433326432373463356338382c636f756e7465723d3133372c743d3332393934342c6b696e643d64617461,iv=fb1fd49722e8910fba23dd8907bd3a75;msg=87b5c7e606a31db48a414afbff925f2e05f1354d018607868925d32d274c5c88;counter=137;t=329944;kind=data,135
332416,33,921.600,-28,7.5,69763d37383265633831393739623439666562383837333338643838366565376266322c6d73673d333639386533313038623930373936626462653039373061303435663364383634623066313432363762643339346333663465386466633765366336303463342c636f756e7465723d3133382c743d3333323138372c6b696e643d64617461,iv=782ec81979b49feb887338d886ee7bf2;msg=3698e3108b90796bdbe0970a045f3d864b0f14267bd394c3f4e8dfc7e6c604c4;counter=138;t=332187;kind=data,135
334661,33,921.600,-28,7.75,69763d38383366346631383039326231623333636339373834323062316231656565362c6d73673d393030613966633533383565613162393133626637633730333538313337306562666262646339633333626130313737323137656334633931376637313863372c636f756e7465723d3133392c743d3333343433342c6b696e643d64617461,iv=883f4f18092b1b33cc978420b1b1eee6;msg=900a9fc5385ea1b913bf7c703581370ebfbbdc9c33ba0177217ec4c917f718c7;counter=139;t=334434;kind=data,135
336904,33,921.600,-27,8.5,69763d66363338366139633434386134343834626562333061356365376562336332612c6d73673d383830323566636363336565373432653731353666366537366465336164633335366262356361373437623431613431373464346262656132333330386135382c636f756e7465723d3134302c743d3333363637372c6b696e643d64617461,iv=f6386a9c448a4484beb30a5ce7eb3c2a;msg=88025fccc3ee742e7156f6e76de3adc356bb5ca747b41a4174d4bbea23308a58;counter=140;t=336677;kind=data,135
339149,33,921.600,-27,7.75,69763d31386562633366343934386662663334383537613730616639353466633765612c6d73673d376165636338663163313437656137386561376133386630343139316532313261313439313639393363393965363332353632363936623330646630343363312c636f756e7465723d3134312c743d3333383932322c6b696e643d64617461,iv=18ebc3f4948fbf34857a70af954fc7ea;msg=7aecc8f1c147ea78ea7a38f04191e212a14916993c99e632562696b30df043c1;counter=141;t=338922;kind=data,135
341392,34,921.400,-26,7.25,69763d63306433353261343733356235363066373933346664326663366666613963312c6d73673d363339313764363762343865346166633432323435663231616464613238353138323932343566303136653437333662333965343035336562666131343733342c636f756e7465723d3134322c743d3334313136352c6b696e643d64617461,iv=c0d352a4735b560f7934fd2fc6ffa9c1;msg=63917d67b48e4afc42245f21adda2851829245f016e4736b39e4053ebfa14734;counter=142;t=341165;kind=data,135
343635,34,921.400,-27,9.25,69763d64306336386139396333306361616630663066343533393938653139613437642c6d73673d613034633761396463653866623132303430303938303764633963386463363866323261363733323064303833343032643662356232363763636664623964372c636f756e7465723d3134332c743d3334333430372c6b696e643d64617461,iv=d0c68a99c30caaf0f0f453998e19a47d;msg=a04c7a9dce8fb1204009807dc9c8dc68f22a67320d083402d6b5b267ccfdb9d7;counter=143;t=343407;kind=data,135
345880,34,921.400,-26,9.25,69763d39653430323430613736623562386262306634393963663339383431626233632c6d73673d616136343131316164643534316664393432643065653838616136353231313538663466353961376163653835633864376238346333393463316639363031642c636f756e7465723d3134342c743d3334353635332c6b696e643d64617461,iv=9e40240a76b5b8bb0f499cf39841bb3c;msg=aa64111add541fd942d0ee88aa6521158f4f59a7ace85c8d7b84c394c1f9601d;counter=144;t=345653;kind=data,135
348123,34,921.400,-26,8.5,69763d37386630333133326530396431303932363366366261366232343931663738622c6d73673d366236643266393261396238663539343333653336346663313862363832326536616236613031663136373539346365333664646338373661393439303932652c636f756e7465723d3134352c743d3334373839362c6b696e643d64617461,iv=78f03132e09d109263f6ba6b2491f78b;msg=6b6d2f92a9b8f59433e364fc18b6822e6ab6a01f167594ce36ddc876a949092e;counter=145;t=347896;kind=data,135
354854,35,923.400,-26,2.0,69763d63646636636336396564393262616135303235316637333061313639633264342c6d73673d313939656565326363643166393631313562623733353033376430663962633765633834383532643738303939663332393661306462653032653332333964352c636f756e7465723d3134382c743d3335343632372c6b696e643d64617461,iv=cdf6cc69ed92baa50251f730a169c2d4;msg=199eee2ccd1f96115bb735037d0f9bc7ec84852d78099f3296a0dbe02e3239d5;counter=148;t=354627;kind=data,135
357100,35,923.400,-28,2.5,69763d64326537616466616232626162373039303438356231636638643439343534632c6d73673d653463323736646639633865643232373065356361386430303331666537373332633362383434303964343436343638636237303434316561373133393037322c636f756e7465723d3134392c743d3335363837322c6b696e643d64617461,iv=d2e7adfab2bab7090485b1cf8d49454c;msg=e4c276df9c8ed2270e5ca8d0031fe7732c3b84409d446468cb70441ea7139072;counter=149;t=356872;kind=data,135
359342,35,923.400,-26,-2.75,69763d30393937323737343233303462333335356464356434343939363666653831652c6d73673d333235313065373466613635666137326135333061386231396336346261393363613364643830343661383739376637663132376136636361623838626366642c636f756e7465723d3135302c743d3335393131352c6b696e643d64617461,iv=099727742304b3355dd5d449966fe81e;msg=32510e74fa65fa72a530a8b19c64ba93ca3dd8046a8797f7f127a6ccab88bcfd;counter=150;t=359115;kind=data,135
361588,36,923.200,-28,2.5,69763d34653930643763393534373962663631303630623733663133393434373834392c6d73673d366137306134396538373261643765613463316462623662376630633863356133343966346538643332353765343161613562353234643433346361623639632c636f756e7465723d3135312c743d3336313336302c6b696e643d64617461,iv=4e90d7c95479bf61060b73f139447849;msg=6a70a49e872ad7ea4c1dbb6b7f0c8c5a349f4e8d3257e41aa5b524d434cab69c;counter=151;t=361360;kind=data,135
363831,36,923.200,-28,2.75,69763d35663461636462373634663634636661323631383561643061623030643839612c6d73673d386330313465353866663239363661333634363639636563336263386530316333313230323239646139386431363238303763373832303836623235346432362c636f756e7465723d3135322c743d3336333630332c6b696e643d64617461,iv=5f4acdb764f64cfa26185ad0ab00d89a;msg=8c014e58ff2966a364669cec3bc8e01c3120229da98d162807c782086b254d26;counter=152;t=363603;kind=data,135
366074,36,923.200,-28,3.0,69763d61373737306138386237363735306330613639346234336139353263653737312c6d73673d303434326430643738623766333535363363306337306234663238353966383736623132373331653231396466333936626236393761353632353435326637332c636f756e7465723d3135332c743d3336353834362c6b696e643d64617461,iv=a7770a88b76750c0a694b43a952ce771;msg=0442d0d78b7f35563c0c70b4f2859f876b12731e219df396bb697a5625452f73;counter=153;t=365846;kind=data,135
368319,36,923.200,-27,5.25,69763d38323931636464393833653638306462303830353561393763323166656262312c6d73673d393832373664623537373834303035373334616464306263323561646635663130356236376637316161623365623566323137336539346537653566306632362c636f756e7465723d3135342c743d3336383039322c6b696e643d64617461,iv=8291cdd983e680db08055a97c21febb1;msg=98276db57784005734add0bc25adf5f105b67f71aab3eb5f2173e94e7e5f0f26;counter=154;t=368092;kind=data,135
370562,37,920.800,-28,9.5,69763d61343966663631303362316131633733333564643930363961393365393062332c6d73673d303335613463396635653735376335323635316235663837353930383937316566326431346137616638336632363965386463313332626530333865633831362c636f756e7465723d3135352c743d3337303333352c6b696e643d64617461,iv=a49ff6103b1a1c7335dd9069a93e90b3;msg=035a4c9f5e757c52651b5f875908971ef2d14a7af83f269e8dc132be038ec816;counter=155;t=370335;kind=data,135
372808,37,920.800,-27,9.25,69763d62663461313462363234396434633965346664613761346630376636623964362c6d73673d656366353035393934376139666563383163633865383233646661636337316638386233643432666336653865666632643439366665653737313731623663612c636f756e7465723d3135362c743d3337323538302c6b696e643d64617461,iv=bf4a14b6249d4c9e4fda7a4f07f6b9d6;msg=ecf5059947a9fec81cc8e823dfacc71f88b3d42fc6e8eff2d496fee77171b6ca;counter=156;t=372580;kind=data,135
375051,37,920.800,-27,8.75,69763d34366634653638336532393565356562663439636338313539336563323465362c6d73673d646165663364373262626666303932643533663063336438326162326136366463653861346436666433303032366139623533313162643735383333383465352c636f756e7465723d3135372c743d3337343832332c6b696e643d64617461,iv=46f4e683e295e5ebf49cc81593ec24e6;msg=daef3d72bbff092d53f0c3d82ab2a66dce8a4d6fd30026a9b5311bd7583384e5;counter=157;t=374823;kind=data,135
377297,37,920.800,-27,8.5,69763d39646430326239303162646434373733363766303839613334646231336533372c6d73673d653734373534373465373838613865666135623662643733323935626233633361333435643138656437633564616133366235396438616163383233643238312c636f756e7465723d3135382c743d3337373036392c6b696e643d64617461,iv=9dd02b901bdd477367f089a34db13e37;msg=e7475474e788a8efa5b6bd73295bb3c3a345d18ed7c5daa36b59d8aac823d281;counter=158;t=377069;kind=data,135
379540,37,920.800,-27,9.75,69763d66346636376534623066313236306566373362646430623336373535363131302c6d73673d366238356333623364646663323533313338653065396365343066373165636338626234646134343066653934303236353162343437653666346138393162652c636f756e7465723d3135392c743d3337393331322c6b696e643d64617461,iv=f4f67e4b0f1260ef73bdd0b367556110;msg=6b85c3b3ddfc253138e0e9ce40f71ecc8bb4da440fe9402651b447e6f4a891be;counter=159;t=379312;kind=data,135
381783,38,920.600,-27,9.0,69763d37393839376563656565316364333364396331656434383963663162613664372c6d73673d363561383065626532393731616666653235336333356537616130633162333235626132383864643965316462323531306361346631623535373866396538342c636f756e7465723d3136302c743d3338313535352c6b696e643d64617461,iv=79897eceee1cd33d9c1ed489cf1ba6d7;msg=65a80ebe2971affe253c35e7aa0c1b325ba288dd9e1db2510ca4f1b5578f9e84;counter=160;t=381555;kind=data,135
384029,38,920.600,-28,9.75,69763d37343632363261353139666163343239643665333339633535303338326339372c6d73673d623464386431356639343464356564373338353136326165653964323238383639623235393031323337316636313835363830613131363137396537396261342c636f756e7465723d3136312c743d3338333830312c6b696e643d64617461,iv=746262a519fac429d6e339c550382c97;msg=b4d8d15f944d5ed7385162aee9d228869b259012371f6185680a116179e79ba4;counter=161;t=383801;kind=data,135
386272,38,920.600,-27,9.5,69763d30646435646539323233333034376638666364333032623231646233613337322c6d73673d636364343266366461353864316662393032636236386337333334653235306639333963613466343861343861653132336233636337346362656664373838632c636f756e7465723d3136322c743d3338363034342c6b696e643d64617461,iv=0dd5de92233047f8fcd302b21db3a372;msg=ccd42f6da58d1fb902cb68c7334e250f939ca4f48a48ae123b3cc74cbefd788c;counter=162;t=386044;kind=data,135
388518,38,920.600,-27,9.75,69763d35363636613038316534653036353666303533323738346337326534383039312c6d73673d363534396163396338353938643730616435383966306631623033336530363164313239313839663531363664326131363630336565656366636632643835392c636f756e7465723d3136332c743d3338383239302c6b696e643d64617461,iv=5666a081e4e0656f0532784c72e48091;msg=6549ac9c8598d70ad589f0f1b033e061d129189f5166d2a16603eeecfcf2d859;counter=163;t=388290;kind=data,135
390761,39,921.200,-27,9.25,69763d30653666303037656531666231653635636361376238646461343736333630332c6d73673d343461623538323964646563646534313933373163383933353863613665623261373766386132336365343038333433656638626465653938396561636331632c636f756e7465723d3136342c743d3339303533332c6b696e643d64617461,iv=0e6f007ee1fb1e65cca7b8dda4763603;msg=44ab5829ddecde419371c89358ca6eb2a77f8a23ce408343ef8bdee989eacc1c;counter=164;t=390533;kind=data,135
393007,39,921.200,-27,8.25,69763d63306330393332383931393834626135313864393663656631333333303533382c6d73673d333566613832333662313864326436383366616136333866313630336634326163373633323135396138303865333937393234373831373530323838646562332c636f756e7465723d3136352c743d3339323737392c6b696e643d64617461,iv=c0c0932891984ba518d96cef13330538;msg=35fa8236b18d2d683faa638f1603f42ac7632159a808e397924781750288deb3;counter=165;t=392779;kind=data,135
395251,39,921.200,-27,8.75,69763d63313536313865386431656631393066633466383365376432383534383430382c6d73673d393538376262643739623364376637663062643166366239343437613066333862643965633032333463663663336236663765616332343837346566363839652c636f756e7465723d3136362c743d3339353032322c6b696e643d64617461,iv=c15618e8d1ef190fc4f83e7d28548408;msg=9587bbd79b3d7f7f0bd1f6b9447a0f38bd9ec0234cf6c3b6f7eac24874ef689e;counter=166;t=395022;kind=data,135
397494,39,921.200,-28,9.25,69763d36643737663233363964333038343039396139316366303439356433353232352c6d73673d393766386561313364663161616538633838613561396262666433313564346638313261633239613964653431633731356236373539646630316537626435312c636f756e7465723d3136372c743d3339373236362c6b696e643d64617461,iv=6d77f2369d3084099a91cf0495d35225;msg=97f8ea13df1aae8c88a5a9bbfd315d4f812ac29a9de41c715b6759df01e7bd51;counter=167;t=397266;kind=data,135
399740,39,921.200,-27,9.25,69763d34666333306430656662336231393161333433396464366135373263373465652c6d73673d373834313634323038623633386163356330363463393864346465313335313763346334643831343735613465333364386432313036613033643436326434622c636f756e7465723d3136382c743d3339393531312c6b696e643d64617461,iv=4fc30d0efb3b191a3439dd6a572c74ee;msg=784164208b638ac5c064c98d4de13517c4c4d81475a4e33d8d2106a03d462d4b;counter=168;t=399511;kind=data,135
401983,40,921.000,-27,9.75,69763d65393633396433323061663864616637303936313766313535656464343732372c6d73673d666137366131373431663864306361353639663935663265336362336563303063353034323130313939333762663136646138356138343835636630633861362c636f756e7465723d3136392c743d3430313735352c6b696e643d64617461,iv=e9639d320af8daf709617f155edd4727;msg=fa76a1741f8d0ca569f95f2e3cb3ec00c50421019937bf16da85a8485cf0c8a6;counter=169;t=401755;kind=data,135
404229,40,921.000,-27,10.0,69763d61313135363963623239383366376335343734613439626439343332613531312c6d73673d356166373531343338363939313565613233313066386335623566303837643738633466333834313461396134383738376230373063663233323339303565612c636f756e7465723d3137302c743d3430343030312c6b696e643d64617461,iv=a11569cb2983f7c5474a49bd9432a511;msg=5af75143869915ea2310f8c5b5f087d78c4f38414a9a48787b070cf2323905ea;counter=170;t=404001;kind=data,135
406473,40,921.000,-27,8.25,69763d36333566333664333834393630653434386230383561323763363161386263662c6d73673d653163383934326530636630353330333430343134306134333332343364306533656331633139363636313566316162393261616531643638633030366435372c636f756e7465723d3137312c743d3430363234342c6b696e643d64617461,iv=635f36d384960e448b085a27c61a8bcf;msg=e1c8942e0cf05303404140a433243d0e3ec1c1966615f1ab92aae1d68c006d57;counter=171;t=406244;kind=data,135
408720,40,921.000,-27,9.5,69763d31363233353931353538626264306432643162623136353665666238366564652c6d73673d616332346366633034356436393033363439376362356136663866636635323561616134393430616266316430356339363865663034353332343961636336332c636f756e7465723d3137322c743d3430383439302c6b696e643d64617461,iv=1623591558bbd0d2d1bb1656efb86ede;msg=ac24cfc045d69036497cb5a6f8fcf525aaa4940abf1d05c968ef0453249acc63;counter=172;t=408490;kind=data,135
410962,41,921.600,-27,8.25,69763d36666631633830333632383032663834383663393461643939393137336662632c6d73673d303333613831363464346539663266623733303164306435363635333938383561346265353537303464663635373635373462376566303862666337616636612c636f756e7465723d3137332c743d3431303733342c6b696e643d64617461,iv=6ff1c80362802f8486c94ad999173fbc;msg=033a8164d4e9f2fb7301d0d566539885a4be55704df6576574b7ef08bfc7af6a;counter=173;t=410734;kind=data,135
413208,41,921.600,-27,7.0,69763d31636139636531376265356639333632333938646161393765353935633631342c6d73673d663933363065353364643931326266616361346530396230626434613130303830376365636165316364373530326261613464633964333363303631346462622c636f756e7465723d3137342c743d3431323938302c6b696e643d64617461,iv=1ca9ce17be5f9362398daa97e595c614;msg=f9360e53dd912bfaca4e09b0bd4a100807cecae1cd7502baa4dc9d33c0614dbb;counter=174;t=412980;kind=data,135
415452,41,921.600,-28,8.25,69763d64626335613337613063366661386536623635626561636262316633613530662c6d73673d613231626261343534303862663364346162613439303537363339623464323837353033653734326432616262356463623835306534666339383539333930332c636f756e7465723d3137352c743d3431353232332c6b696e643d64617461,iv=dbc5a37a0c6fa8e6b65beacbb1f3a50f;msg=a21bba45408bf3d4aba49057639b4d287503e742d2abb5dcb850e4fc98593903;counter=175;t=415223;kind=data,135
417698,41,921.600,-27,9.75,69763d33303630333764393735326330326562386437373237636633643034383733312c6d73673d323034313166663133376561326163666262643463396633386561393833316531306364373232653732306338383730643036663438306331653632613861352c636f756e7465723d3137362c743d3431373437302c6b696e643d64617461,iv=306037d9752c02eb8d7727cf3d048731;msg=20411ff137ea2acfbbd4c9f38ea9831e10cd722e720c8870d06f480c1e62a8a5;counter=176;t=417470;kind=data,135
419942,41,921.600,-28,9.5,69763d30633562366132343562653562666638646433333138623030326262613439342c6d73673d363861366438646164373033613461326631353030323631323039623632383430326536333966336433316161616334363531613265623135633338373633372c636f756e7465723d3137372c743d3431393731332c6b696e643d64617461,iv=0c5b6a245be5bff8dd3318b002bba494;msg=68a6d8dad703a4a2f1500261209b628402e639f3d31aaac4651a2eb15c387637;counter=177;t=419713;kind=data,135
422190,42,921.400,-28,9.0,69763d32613662643930343638663634626466626334323361363436653932633136632c6d73673d383834383261376264366230316262666535616661313536356337376138313061336464376237316666396336363565313263666332383661386530663237612c636f756e7465723d3137382c743d3432313935372c6b696e643d64617461,iv=2a6bd90468f64bdfbc423a646e92c16c;msg=88482a7bd6b01bbfe5afa1565c77a810a3dd7b71ff9c665e12cfc286a8e0f27a;counter=178;t=421957;kind=data,135
424434,42,921.400,-27,9.75,69763d62633330643063653832323334343533613562343233363036636166343032612c6d73673d313865613061656434373936633436363064663363653866663863666436383734623336393331376133346134303935353631376633636164643532646435332c636f756e7465723d3137392c743d3432343230352c6b696e643d64617461,iv=bc30d0ce82234453a5b423606caf402a;msg=18ea0aed4796c4660df3ce8ff8cfd6874b369317a34a40955617f3cadd52dd53;counter=179;t=424205;kind=data,135
426678,42,921.400,-27,10.25,69763d36363331336535393461373233373936366364373562613061363464636432362c6d73673d366564363666366161366639323032343936363233343164663466623035363032303839393631663636323934663764396461386465323264396233313736612c636f756e7465723d3138302c743d3432363434392c6b696e643d64617461,iv=66313e594a7237966cd75ba0a64dcd26;msg=6ed66f6aa6f920249662341df4fb05602089961f66294f7d9da8de22d9b3176a;counter=180;t=426449;kind=data,135
428924,42,921.400,-26,9.0,69763d63363437303362646264613865616338343231383966313137313530653239382c6d73673d373739373635383833396239653638623339613930613332383730623239373865626632303534633964383162333537333430393866666163663739383135322c636f756e7465723d3138312c743d3432383639352c6b696e643d64617461,iv=c64703bdbda8eac842189f117150e298;msg=7797658839b9e68b39a90a32870b2978ebf2054c9d81b35734098ffacf798152;counter=181;t=428695;kind=data,135
431168,43,923.400,-28,3.5,69763d35313934613531646565666236323036316532653131346463613933366266622c6d73673d313634316262363664333262356331346531306637633130633162646231373063306339383533626430376235653762336535363432646463353131393636612c636f756e7465723d3138322c743d3433303933392c6b696e643d64617461,iv=5194a51deefb62061e2e114dca936bfb;msg=1641bb66d32b5c14e10f7c10c1bdb170c0c9853bd07b5e7b3e5642ddc511966a;counter=182;t=430939;kind=data,135
433414,43,923.400,-28,1.75,69763d37316630353163343231376530633731643665326163643238633933373362392c6d73673d653663396365643938363330653863333439323332633631623737383833363064613564613165326265383933653161393532336631313135633531303134342c636f756e7465723d3138332c743d3433333138362c6b696e643d64617461,iv=71f051c4217e0c71d6e2acd28c9373b9;msg=e6c9ced98630e8c349232c61b7788360da5da1e2be893e1a9523f1115c510144;counter=183;t=433186;kind=data,135
435658,43,923.400,-27,-0.75,69763d65613833356465663766656230653332346434343739616164316136366261612c6d73673d343666666432663037333731316664653730643933643731333663643938343664643039636165343237353035303263663563343439623566396330346130652c636f756e7465723d3138342c743d3433353432392c6b696e643d64617461,iv=ea835def7feb0e324d4479aad1a66baa;msg=46ffd2f073711fde70d93d7136cd9846dd09cae42750502cf5c449b5f9c04a0e;counter=184;t=435429;kind=data,135
437904,43,923.400,-27,3.25,69763d62353866353136366232656134333464316262306465643837373632653566362c6d73673d306130383637383735613266343563373766613137386632363966383438373231666139643833346631663039373633373262636462613165623164343366352c636f756e7465723d3138352c743d3433373637362c6b696e643d64617461,iv=b58f5166b2ea434d1bb0ded87762e5f6;msg=0a0867875a2f45c77fa178f269f848721fa9d834f1f0976372bcdba1eb1d43f5;counter=185;t=437676;kind=data,135
440148,43,923.400,-27,0.25,69763d66653639393636386434393362393031363866353261333338646333663561332c6d73673d326638343862643639343432396532356661626339323034383038363031366165646666373334383130353837356232336136636134333938656630633635642c636f756e7465723d3138362c743d3433393932302c6b696e643d64617461,iv=fe699668d493b90168f52a338dc3f5a3;msg=2f848bd694429e25fabc92048086016aedff7348105875b23a6ca4398ef0c65d;counter=186;t=439920;kind=data,135
442395,44,923.200,-26,3.25,69763d65343035363963326339383161373639363961636663643666313363343637382c6d73673d633830623235646637333837616137636339396139333035376261366463396238323263646236383434366363633638393933323438626432333039323838622c636f756e7465723d3138372c743d3434323136362c6b696e643d64617461,iv=e40569c2c981a76969acfcd6f13c4678;msg=c80b25df7387aa7cc99a93057ba6dc9b822cdb68446ccc68993248bd2309288b;counter=187;t=442166;kind=data,135
446885,44,923.200,-27,4.5,69763d36323730306562666436663936393862326337343938643365356265373836612c6d73673d646538623231633637396634633063393162366363613039643065353531663039353435643466363163323564396638346131353532366565323230333635662c636f756e7465723d3138392c743d3434363635362c6b696e643d64617461,iv=62700ebfd6f9698b2c7498d3e5be786a;msg=de8b21c679f4c0c91b6cca09d0e551f09545d4f61c25d9f84a15526ee220365f;counter=189;t=446656;kind=data,135
449130,44,923.200,-27,1.75,69763d62616231383139313963333638373762643039616362656264616239643464372c6d73673d346231613838333830653263303232383464646464346361333632366363393466306665633431656532376135303365363364363335363736353433316165392c636f756e7465723d3139302c743d3434383930302c6b696e643d64617461,iv=bab181919c36877bd09acbebdab9d4d7;msg=4b1a88380e2c02284dddd4ca3626cc94f0fec41ee27a503e63d6356765431ae9;counter=190;t=448900;kind=data,135
451376,45,920.800,-26,10.0,69763d38613863663932626239366336343961393963303239623864306130333733352c6d73673d316363396434363030653632313734376333623362383465353832616330643334373332663337626162656332383261346632336263366635373330306237322c636f756e7465723d3139312c743d3435313134372c6b696e643d64617461,iv=8a8cf92bb96c649a99c029b8d0a03735;msg=1cc9d4600e621747c3b3b84e582ac0d34732f37babec282a4f23bc6f57300b72;counter=191;t=451147;kind=data,135
453620,45,920.800,-27,8.5,69763d66663261346161383463643733306334623863663264646435363930383537612c6d73673d366136313531313634373636643830393235316138616533316130373030656538333530386663623932323262666663356536353566383531323033636334302c636f756e7465723d3139322c743d3435333339312c6b696e643d64617461,iv=ff2a4aa84cd730c4b8cf2ddd5690857a;msg=6a6151164766d809251a8ae31a0700ee83508fcb9222bffc5e655f851203cc40;counter=192;t=453391;kind=data,135
455867,45,920.800,-27,8.25,69763d61353564346430643833663162623665393737383730666333376530346335302c6d73673d373436616139623466313563323834623166336230343939333236393632313132663439323037663531646635356364616235316135613862393134613738652c636f756e7465723d3139332c743d3435353633372c6b696e643d64617461,iv=a55d4d0d83f1bb6e977870fc37e04c50;msg=746aa9b4f15c284b1f3b0499326962112f49207f51df55cdab51a5a8b914a78e;counter=193;t=455637;kind=data,135
458111,45,920.800,-27,9.0,69763d32373335343538333333363164626164303736303263653661316263666439372c6d73673d613262633037663835663937636531306266616531303465353230366232386666386366393466613231306535383434313134636364663561653666396235642c636f756e7465723d3139342c743d3435373838312c6b696e643d64617461,iv=273545833361dbad07602ce6a1bcfd97;msg=a2bc07f85f97ce10bfae104e5206b28ff8cf94fa210e5844114ccdf5ae6f9b5d;counter=194;t=457881;kind=data,135
462602,46,920.600,-27,9.5,69763d39336561343835656161396335373266633563323163393434316333663734642c6d73673d663434373961303264653863396261656262396362653037653231643031356365613239323330306430363737353933393737316131323364653730636636342c636f756e7465723d3139362c743d3436323337322c6b696e643d64617461,iv=93ea485eaa9c572fc5c21c9441c3f74d;msg=f4479a02de8c9baebb9cbe07e21d015cea292300d06775939771a123de70cf64;counter=196;t=462372;kind=data,135
464848,46,920.600,-27,9.5,69763d36336532333064303833383436303239376537623733336334656364346234632c6d73673d306530366464663333613165383564383438353336663935613631616135393533343333376535656235663864373339343538353530353939613732343231642c636f756e7465723d3139372c743d3436343631392c6b696e643d64617461,iv=63e230d0838460297e7b733c4ecd4b4c;msg=0e06ddf33a1e85d848536f95a61aa59534337e5eb5f8d739458550599a72421d;counter=197;t=464619;kind=data,135
467093,46,920.600,-27,10.0,69763d63356263653535393261316236353838366437383736356136353430303137652c6d73673d366631363365633265313866366433333833623134386465633531633661343061336464353262656339663234336561323563313938383561313538643663652c636f756e7465723d3139382c743d3436363836332c6b696e643d64617461,iv=c5bce5592a1b65886d78765a6540017e;msg=6f163ec2e18f6d3383b148dec51c6a40a3dd52bec9f243ea25c19885a158d6ce;counter=198;t=466863;kind=data,135
469339,46,920.600,-27,8.75,69763d33373531353232326533396164306436633066353961346563316533356139382c6d73673d366535663135383337323534613438323736393132653930393933666137366566343439393262386334356538616166383937313731653730316562623962362c636f756e7465723d3139392c743d3436393131302c6b696e643d64617461,iv=37515222e39ad0d6c0f59a4ec1e35a98;msg=6e5f15837254a48276912e90993fa76ef44992b8c45e8aaf897171e701ebb9b6;counter=199;t=469110;kind=data,135
471583,47,921.200,-27,8.75,69763d34613061656532646638386463633034393437363633386233313837356664342c6d73673d663462343131303038656566313861636561313066353635663137613037373165363037343839373035326434386166343238646334646261346133323038382c636f756e7465723d3230302c743d3437313335342c6b696e643d64617461,iv=4a0aee2df88dcc049476638b31875fd4;msg=f4b411008eef18acea10f565f17a0771e6074897052d48af428dc4dba4a32088;counter=200;t=471354;kind=data,135
473830,47,921.200,-27,9.25,69763d62323863373834336564393836343631303435356235313437306466626536632c6d73673d303830623866613665313563376564383331646535316636396237613836623233613137643231383966363635363732646633653333373561613865633231652c636f756e7465723d3230312c743d3437333630312c6b696e643d64617461,iv=b28c7843ed9864610455b51470dfbe6c;msg=080b8fa6e15c7ed831de51f69b7a86b23a17d2189f665672df3e3375aa8ec21e;counter=201;t=473601;kind=data,135
476077,47,921.200,-27,10.5,69763d37646232626565643262313730653262663632666633306136636366363138372c6d73673d613439613039663938623430643061646335346232663464316431376636336163616337653661653535663137653061376139653734663064646133363764632c636f756e7465723d3230322c743d3437353834352c6b696e643d64617461,iv=7db2beed2b170e2bf62ff30a6ccf6187;msg=a49a09f98b40d0adc54b2f4d1d17f63acac7e6ae55f17e0a7a9e74f0dda367dc;counter=202;t=475845;kind=data,135
478324,47,921.200,-27,9.75,69763d35326536353266363562353934313037613261666331343030353430616137322c6d73673d353238343133316535623233303930653232343238373736613631383466303139366135346665643436356263306430356130623931643330613830316661342c636f756e7465723d3230332c743d3437383039342c6b696e643d64617461,iv=52e652f65b594107a2afc1400540aa72;msg=5284131e5b23090e22428776a6184f0196a54fed465bc0d05a0b91d30a801fa4;counter=203;t=478094;kind=data,135
480571,48,921.000,-27,9.25,69763d65383331393762363030353433303164356537386134646630386464363361372c6d73673d323665383264353632666464306237356336383966663362653738633031363764366462386364616363666564623631623066616630646439656631643935332c636f756e7465723d3230342c743d3438303334312c6b696e643d64617461,iv=e83197b60054301d5e78a4df08dd63a7;msg=26e82d562fdd0b75c689ff3be78c0167d6db8cdaccfedb61b0faf0dd9ef1d953;counter=204;t=480341;kind=data,135
482815,48,921.000,-27,9.75,69763d31376539366561643665656230373232646561353132666331343965303734632c6d73673d346435666433326637353535626665326434306132666537326637323832616366326139303531626261613634643930316664336236663438636266366265302c636f756e7465723d3230352c743d3438323538352c6b696e643d64617461,iv=17e96ead6eeb0722dea512fc149e074c;msg=4d5fd32f7555bfe2d40a2fe72f7282acf2a9051bbaa64d901fd3b6f48cbf6be0;counter=205;t=482585;kind=data,135
485062,48,921.000,-27,9.5,69763d38393666623366356562323738376363656433323666356330373236643264312c6d73673d316537373436353763343930613363386666616662666330326238663135393231636534346533386531656335356435643937393962613963356537353530652c636f756e7465723d3230362c743d3438343833322c6b696e643d64617461,iv=896fb3f5eb2787cced326f5c0726d2d1;msg=1e774657c490a3c8ffafbfc02b8f15921ce44e38e1ec55d5d9799ba9c5e7550e;counter=206;t=484832;kind=data,135
487306,48,921.000,-28,9.5,69763d36396230326461373136353936386163636231353363363235353139623739632c6d73673d613862333532306265343038346464346465303830663638653439613366353537636331343239386164623466333533616331666439353339386136366635362c636f756e7465723d3230372c743d3438373037362c6b696e643d64617461,iv=69b02da7165968accb153c625519b79c;msg=a8b3520be4084dd4de080f68e49a3f557cc14298adb4f353ac1fd95398a66f56;counter=207;t=487076;kind=data,135
489553,48,921.000,-27,8.5,69763d63653663303833356466303261626139383333616530613061343432373163302c6d73673d613438366662333663663836343135356566663666636162333966363332653862396532623330663831356139653264386161643033373461626239636433662c636f756e7465723d3230382c743d3438393332332c6b696e643d64617461,iv=ce6c0835df02aba9833ae0a0a44271c0;msg=a486fb36cf864155eff6fcab39f632e8b9e2b30f815a9e2d8aad0374abb9cd3f;counter=208;t=489323;kind=data,135
491798,49,921.600,-28,8.0,69763d35623139356564653230363762646363383965636332633231303337306238382c6d73673d383965353132633738636431353537343133636430326631393464353339323566663234346662313632613430393536393831653261373239326639626663342c636f756e7465723d3230392c743d3439313536382c6b696e643d64617461,iv=5b195ede2067bdcc89ecc2c210370b88;msg=89e512c78cd1557413cd02f194d53925ff244fb162a40956981e2a7292f9bfc4;counter=209;t=491568;kind=data,135
494045,49,921.600,-28,9.0,69763d34313465363539383063626134396632396535623232323039636564383766642c6d73673d646236336434376533396135353239303830396265396632303866663464336365626263323735393737643765386465626262306332316466666661616663312c636f756e7465723d3231302c743d3439333831352c6b696e643d64617461,iv=414e65980cba49f29e5b22209ced87fd;msg=db63d47e39a55290809be9f208ff4d3cebbc275977d7e8debbb0c21dfffaafc1;counter=210;t=493815;kind=data,135
496290,49,921.600,-27,8.75,69763d39383531373339353237323131616161333638663539383464393030353631632c6d73673d636461643437306633306536373964666239346565353631376430636537303036616434356333363830333132633535363666636235666233396561343430622c636f756e7465723d3231312c743d3439363035392c6b696e643d64617461,iv=9851739527211aaa368f5984d900561c;msg=cdad470f30e679dfb94ee5617d0ce7006ad45c3680312c5566fcb5fb39ea440b;counter=211;t=496059;kind=data,135
498536,49,921.600,-28,9.0,69763d39353965636335396664323536663037666662333861643536343632306133632c6d73673d373764636465343262396339393337633234646162313563613731633035663463386235363134633063646366323632376533663338333132653563333636352c636f756e7465723d3231322c743d3439383330362c6b696e643d64617461,iv=959ecc59fd256f07ffb38ad564620a3c;msg=77dcde42b9c9937c24dab15ca71c05f4c8b5614c0cdcf2627e3f38312e5c3665;counter=212;t=498306;kind=data,135
500786,50,921.400,-27,9.75,69763d36623238306664623337646165313638643938636363356637343836373365382c6d73673d666461363437626136636564613530323137633561663034356564663664323232663961626338313265363733623132613632346534366361313535636439362c636f756e7465723d3231332c743d3530303535312c6b696e643d64617461,iv=6b280fdb37dae168d98ccc5f748673e8;msg=fda647ba6ceda50217c5af045edf6d222f9abc812e673b12a624e46ca155cd96;counter=213;t=500551;kind=data,135
503033,50,921.400,-27,8.75,69763d64343961363931353432353563643063613035623032333262343134383032372c6d73673d343339343931306234366161613535363961663065316634316638663732303139666636336135646637336462333066353238643437353738383061316661612c636f756e7465723d3231342c743d3530323830312c6b696e643d64617461,iv=d49a69154255cd0ca05b0232b4148027;msg=4394910b46aaa5569af0e1f41f8f72019ff63a5df73db30f528d4757880a1faa;counter=214;t=502801;kind=data,135
505278,50,921.400,-27,8.0,69763d64373765323263353830323932636164376438353931393430373663303634622c6d73673d626137313762623861633731646263653938366633356562366332653233626563663461663131363764363439373264613832393334323739626464326265382c636f756e7465723d3231352c743d3530353034382c6b696e643d64617461,iv=d77e22c580292cad7d859194076c064b;msg=ba717bb8ac71dbce986f35eb6c2e23becf4af1167d64972da82934279bdd2be8;counter=215;t=505048;kind=data,135
507523,50,921.400,-27,8.5,69763d36363262656364373633396361383339343863326237636566393564303838622c6d73673d663864333931626163636361363766373261323664326264666466373435366334303737323263363135346162353664386163653638306138336565643332382c636f756e7465723d3231362c743d3530373239332c6b696e643d64617461,iv=662becd7639ca83948c2b7cef95d088b;msg=f8d391baccca67f72a26d2bdfdf7456c407722c6154ab56d8ace680a83eed328;counter=216;t=507293;kind=data,135
509770,50,921.400,-27,9.5,69763d36363837393566303430626532636232333766376231376166633630633430342c6d73673d356661616232336634343066346330316164363863643630323131393462623836363836376465633362643062326230353435623931666535626337386635662c636f756e7465723d3231372c743d3530393534302c6b696e643d64617461,iv=668795f040be2cb237f7b17afc60c404;msg=5faab23f440f4c01ad68cd6021194bb866867dec3bd0b2b0545b91fe5bc78f5f;counter=217;t=509540;kind=data,135
512015,51,923.400,-28,1.5,69763d36656632393061633535613037303833653532613039306630663237306565302c6d73673d653133363536303964653830343466386365376538636362643366643433653539666432366565353664373937663365653937623765626138313861643136302c636f756e7465723d3231382c743d3531313738342c6b696e643d64617461,iv=6ef290ac55a07083e52a090f0f270ee0;msg=e1365609de8044f8ce7e8ccbd3fd43e59fd26ee56d797f3ee97b7eba818ad160;counter=218;t=511784;kind=data,135
514262,51,923.400,-27,1.0,69763d61613463633534633639343236623336306233636534336363326364333330642c6d73673d303261343931643063383932346630646434663861396165326338613739373361626664393939376463663763333235393533343336666335643934656232662c636f756e7465723d3231392c743d3531343033322c6b696e643d64617461,iv=aa4cc54c69426b360b3ce43cc2cd330d;msg=02a491d0c8924f0dd4f8a9ae2c8a7973abfd9997dcf7c325953436fc5d94eb2f;counter=219;t=514032;kind=data,135
516507,51,923.400,-27,1.25,69763d65376534353737653437663361323631643231616632346337396261343766632c6d73673d643133623866353062343663363965326662633934306233653935363865643139656635363639646136343331656132346337313039336662373532313632332c636f756e7465723d3232302c743d3531363237362c6b696e643d64617461,iv=e7e4577e47f3a261d21af24c79ba47fc;msg=d13b8f50b46c69e2fbc940b3e9568ed19ef5669da6431ea24c71093fb7521623;counter=220;t=516276;kind=data,135
518754,51,923.400,-28,2.75,69763d38663866623738323137653162303039396537396130633933393239363039622c6d73673d396262653335653832323833323737376665393335646136353834383161663261326534326436623037633433386461613137623537333633383965366335622c636f756e7465723d3232312c743d3531383532342c6b696e643d64617461,iv=8f8fb78217e1b0099e79a0c93929609b;msg=9bbe35e822832777fe935da658481af2a2e42d6b07c438daa17b5736389e6c5b;counter=221;t=518524;kind=data,135
521001,52,923.200,-26,0.5,69763d66313733656135383235386332333431316264366335343338396539393765312c6d73673d656336616437363437666431343234383437373565626232303362303766326536393033343139396238393638316436306266366365303061653237646366642c636f756e7465723d3232322c743d3532303737312c6b696e643d64617461,iv=f173ea58258c23411bd6c54389e997e1;msg=ec6ad7647fd142484775ebb203b07f2e69034199b89681d60bf6ce00ae27dcfd;counter=222;t=520771;kind=data,135
525494,52,923.200,-27,-0.5,69763d34643963383731613362383338313439663934363338626164366234383537632c6d73673d613934653830663432613639663531333262653834643431326130356362353336363633323031303530373261323030383562313866323230366333336462372c636f756e7465723d3232342c743d3532353236332c6b696e643d64617461,iv=4d9c871a3b838149f94638bad6b4857c;msg=a94e80f42a69f5132be84d412a05cb53666320105072a20085b18f2206c33db7;counter=224;t=525263;kind=data,135
529987,52,923.200,-27,4.75,69763d61633339643461366162323465356262303330393935383131333339336563622c6d73673d363435656132653930336533616164666364393237643466346633383133303061636363313061343630343762373733386630653364383837613339366233332c636f756e7465723d3232362c743d3532393735362c6b696e643d64617461,iv=ac39d4a6ab24e5bb0309958113393ecb;msg=645ea2e903e3aadfcd927d4f4f381300accc10a46047b7738f0e3d887a396b33;counter=226;t=529756;kind=data,135
532234,53,920.800,-28,9.5,69763d66623632343335363331356639346636303162376633326163616537616464362c6d73673d326437623137376263303332343161633736363266623834613665383139643862366538396364376139653834303439346536613865323261643730363939372c636f756e7465723d3232372c743d3533323030302c6b696e643d64617461,iv=fb624356315f94f601b7f32acae7add6;msg=2d7b177bc03241ac7662fb84a6e819d8b6e89cd7a9e840494e6a8e22ad706997;counter=227;t=532000;kind=data,135
534482,53,920.800,-27,9.5,69763d62643864376531623639396634346537633433333138366635303434653066662c6d73673d616339326639353362343634366363393731326362646163353562616635343365643431343964363031643866356661653836323865306432373662323736362c636f756e7465723d3232382c743d3533343234392c6b696e643d64617461,iv=bd8d7e1b699f44e7c433186f5044e0ff;msg=ac92f953b4646cc9712cbdac55baf543ed4149d601d8f5fae8628e0d276b2766;counter=228;t=534249;kind=data,135
536728,53,920.800,-27,9.75,69763d33323963633330376431376261353762316237636233333666636530393163352c6d73673d346134303664636664386264383966393736396238613034646639333439616133313033373765323563366134323632653937376165333134306239636664642c636f756e7465723d3232392c743d3533363439372c6b696e643d64617461,iv=329cc307d17ba57b1b7cb336fce091c5;msg=4a406dcfd8bd89f9769b8a04df9349aa310377e25c6a4262e977ae3140b9cfdd;counter=229;t=536497;kind=data,135
538973,53,920.800,-28,9.5,69763d34323063313364383834623330303937333166356131353232613436636463632c6d73673d366461636565323964323561663636363261323637646338636630393538633964396432356637366437303161343066303563393638643735393234306339362c636f756e7465723d3233302c743d3533383734322c6b696e643d64617461,iv=420c13d884b3009731f5a1522a46cdcc;msg=6dacee29d25af6662a267dc8cf0958c9d9d25f76d701a40f05c968d759240c96;counter=230;t=538742;kind=data,135
541220,54,920.600,-27,9.25,69763d63383231663265316166346162316330333330633034396532383962306336352c6d73673d303938303361343562663732656632333035613636306236663664376335353135376334363635303131373665376234653962666333303432323563356532662c636f756e7465723d3233312c743d3534303938392c6b696e643d64617461,iv=c821f2e1af4ab1c0330c049e289b0c65;msg=09803a45bf72ef2305a660b6f6d7c55157c466501176e7b4e9bfc304225c5e2f;counter=231;t=540989;kind=data,135
543468,54,920.600,-27,9.75,69763d35333230353731373030356166613530616534646265353030333434646333382c6d73673d383165373761653530313836643464303464393330386338623036663033323635633833376433346632653534666366616465396165366565616632633733662c636f756e7465723d3233322c743d3534333233342c6b696e643d64617461,iv=53205717005afa50ae4dbe500344dc38;msg=81e77ae50186d4d04d9308c8b06f03265c837d34f2e54fcfade9ae6eeaf2c73f;counter=232;t=543234;kind=data,135
545715,54,920.600,-27,9.75,69763d30353436343630393966323537306436643233623234613063646236666138302c6d73673d383163326538303830353937613330316264323730623532303261303935613133633139633531383138656364613132383930386164663430636563333833622c636f756e7465723d3233332c743d3534353438342c6b696e643d64617461,iv=054646099f2570d6d23b24a0cdb6fa80;msg=81c2e8080597a301bd270b5202a095a13c19c51818ecda128908adf40cec383b;counter=233;t=545484;kind=data,135
547963,54,920.600,-27,9.5,69763d36636334396330616530323838636539646463386437373433336339623139662c6d73673d663733636161636333323063653866393464656666626239376466386237376333326130326235353361626531633136626437613635353034656666363732382c636f756e7465723d3233342c743d3534373733322c6b696e643d64617461,iv=6cc49c0ae0288ce9ddc8d77433c9b19f;msg=f73caacc320ce8f94deffbb97df8b77c32a02b553abe1c16bd7a65504eff6728;counter=234;t=547732;kind=data,135
550208,54,920.600,-27,9.5,69763d38366531623338396166613237353936333334653431393138646333326338382c6d73673d376634626237316166616565393833666134646236346432323463623266316238666638383634333261363863626434306532316333336237373562313064652c636f756e7465723d3233352c743d3534393937372c6b696e643d64617461,iv=86e1b389afa27596334e41918dc32c88;msg=7f4bb71afaee983fa4db64d224cb2f1b8ff886432a68cbd40e21c33b775b10de;counter=235;t=549977;kind=data,135
552456,55,921.200,-27,9.5,69763d62633439653038653631383532383731396531333438616466336235323331372c6d73673d313134646435356437376462363430396538646262343339353233356632653332633932643635333934623633383136326136646230386632626330633536362c636f756e7465723d3233362c743d3535323232342c6b696e643d64617461,iv=bc49e08e618528719e1348adf3b52317;msg=114dd55d77db6409e8dbb4395235f2e32c92d65394b638162a6db08f2bc0c566;counter=236;t=552224;kind=data,135
554704,55,921.200,-26,10.0,69763d34643064326137613166353265393439396136383634656334643834616238372c6d73673d333765633963653732326635316238623239623636666363336230646432613139373830353630346565303732613666306139653134303037343033663837342c636f756e7465723d3233372c743d3535343437322c6b696e643d64617461,iv=4d0d2a7a1f52e9499a6864ec4d84ab87;msg=37ec9ce722f51b8b29b66fcc3b0dd2a197805604ee072a6f0a9e14007403f874;counter=237;t=554472;kind=data,135
556949,55,921.200,-27,9.0,69763d39373065343461363461313366316563643965663763346265613534383531382c6d73673d613434623436316238336231363163303062363863346364396562323463653332626266336164313161336561663066623032343234323066646639643333642c636f756e7465723d3233382c743d3535363731382c6b696e643d64617461,iv=970e44a64a13f1ecd9ef7c4bea548518;msg=a44b461b83b161c00b68c4cd9eb24ce32bbf3ad11a3eaf0fb0242420fdf9d33d;counter=238;t=556718;kind=data,135
559197,55,921.200,-27,9.75,69763d35313663306166643633666132633639623035623262356232323636316634392c6d73673d366438316333636434356234303633396430663562303862616239366434326235623332393065643037323732666333643739616335393566373739356238372c636f756e7465723d3233392c743d3535383936352c6b696e643d64617461,iv=516c0afd63fa2c69b05b2b5b22661f49;msg=6d81c3cd45b40639d0f5b08bab96d42b5b3290ed07272fc3d79ac595f7795b87;counter=239;t=558965;kind=data,135
561442,56,921.000,-27,9.5,69763d35396163316535306133316431643965313562303838656632373134643438312c6d73673d613733643334373239633464383965336431616262666164376339346539363963363634636637326566333239316461623236633363396630623535353662642c636f756e7465723d3234302c743d3536313231312c6b696e643d64617461,iv=59ac1e50a31d1d9e15b088ef2714d481;msg=a73d34729c4d89e3d1abbfad7c94e969c664cf72ef3291dab26c3c9f0b5556bd;counter=240;t=561211;kind=data,135
563690,56,921.000,-27,8.25,69763d34646632633033383837393532376365653566353039643762363962613464352c6d73673d613937326430616466326663306335373732613366306337396639333436613635363562613530336132326331343536656662333438636234343361633730352c636f756e7465723d3234312c743d3536333435382c6b696e643d64617461,iv=4df2c038879527cee5f509d7b69ba4d5;msg=a972d0adf2fc0c5772a3f0c79f9346a6565ba503a22c1456efb348cb443ac705;counter=241;t=563458;kind=data,135
565939,56,921.000,-27,8.5,69763d31626534396363303533636362363237313034633838313030663539616533362c6d73673d393631303736353862636135303633333735633031666466363665386534373035613430386563333336316363626535303239386137363137663137616636342c636f756e7465723d3234322c743d3536353730362c6b696e643d64617461,iv=1be49cc053ccb627104c88100f59ae36;msg=96107658bca5063375c01fdf66e8e4705a408ec3361ccbe50298a7617f17af64;counter=242;t=565706;kind=data,135
568183,56,921.000,-27,9.25,69763d35363832373134393563626666396432306433653838313133323037623133312c6d73673d353034323932663831303730653830396236333063636164353830393362656166653636653330386430356336636635366161393661316131623130663834392c636f756e7465723d3234332c743d3536373935312c6b696e643d64617461,iv=568271495cbff9d20d3e88113207b131;msg=504292f81070e809b630ccad58093beafe66e308d05c6cf56aa96a1a1b10f849;counter=243;t=567951;kind=data,135
572679,57,921.600,-27,8.0,69763d65653430393531316633613735633039643263623838316339333238393366642c6d73673d636331636634343763346263316533663936643939306261386533663130356461346665653863303433343166346665616335393635366566383262333163652c636f756e7465723d3234352c743d3537323434342c6b696e643d64617461,iv=ee409511f3a75c09d2cb881c932893fd;msg=cc1cf447c4bc1e3f96d990ba8e3f105da4fee8c04341f4feac59656ef82b31ce;counter=245;t=572444;kind=data,135
574927,57,921.600,-28,7.75,69763d63393164356639636339613538326634393032333439646362396534326566382c6d73673d333264313337386263343838313233303238383866636363633965363130346366343638393664656231353133343932613365366338656634323561363465312c636f756e7465723d3234362c743d3537343639352c6b696e643d64617461,iv=c91d5f9cc9a582f4902349dcb9e42ef8;msg=32d1378bc48812302888fcccc9e6104cf46896deb1513492a3e6c8ef425a64e1;counter=246;t=574695;kind=data,135
577175,57,921.600,-27,10.0,69763d65343638306130306563333439356462653262346566656536636637323838622c6d73673d323339393430316166393938343233623839386232356232383537353134336330663636383862363934343337386232643866626630346230396334313634382c636f756e7465723d3234372c743d3537363934332c6b696e643d64617461,iv=e4680a00ec3495dbe2b4efee6cf7288b;msg=2399401af998423b898b25b28575143c0f6688b6944378b2d8fbf04b09c41648;counter=247;t=576943;kind=data,135
579420,57,921.600,-27,8.5,69763d65343533646565656237303039346531363033373430323462373034663930622c6d73673d646433646433366566653734383262356235363063643832376334383232623238306465336565656532356563643161353662613734376361326463613130392c636f756e7465723d3234382c743d3537393138382c6b696e643d64617461,iv=e453deeeb70094e160374024b704f90b;msg=dd3dd36efe7482b5b560cd827c4822b280de3eeee25ecd1a56ba747ca2dca109;counter=248;t=579188;kind=data,135
581668,58,921.400,-26,6.5,69763d31363066613166306566633632646665656361396662376131313231623532612c6d73673d646334373032303365626264663665613966343434386234353732616230323564653831316561663236363537393135343464303730383438366264616632632c636f756e7465723d3234392c743d3538313433372c6b696e643d64617461,iv=160fa1f0efc62dfeeca9fb7a1121b52a;msg=dc470203ebbdf6ea9f4448b4572ab025de811eaf2665791544d0708486bdaf2c;counter=249;t=581437;kind=data,135
583916,58,921.400,-27,9.0,69763d30303835353235383538663730343239353835623937626337366365373936622c6d73673d343264373034643037633831313339373666386266633463383965633035653264326665356330386337376466313330333937653532633433313964343463312c636f756e7465723d3235302c743d3538333638342c6b696e643d64617461,iv=0085525858f70429585b97bc76ce796b;msg=42d704d07c8113976f8bfc4c89ec05e2d2fe5c08c77df130397e52c4319d44c1;counter=250;t=583684;kind=data,135
586162,58,921.400,-27,8.25,69763d33633266643631623437396632613861383631633761626561666432383639352c6d73673d363339306132663835663232373438393036666439336663643633653130333166663863316365663466333164303439623730653231646634393735396632372c636f756e7465723d3235312c743d3538353933302c6b696e643d64617461,iv=3c2fd61b479f2a8a861c7abeafd28695;msg=6390a2f85f22748906fd93fcd63e1031ff8c1cef4f31d049b70e21df49759f27;counter=251;t=585930;kind=data,135
588409,58,921.400,-27,9.5,69763d32646337363362366135373965643561316162663862663233333830623733342c6d73673d653863656339386364653562346639643065633661666335386461366630356564633065663139663266393137353931316462383435356137346637376361392c636f756e7465723d3235322c743d3538383137382c6b696e643d64617461,iv=2dc763b6a579ed5a1abf8bf23380b734;msg=e8cec98cde5b4f9d0ec6afc58da6f05edc0ef19f2f9175911db8455a74f77ca9;counter=252;t=588178;kind=data,135
590658,59,923.400,-28,1.25,69763d35386139623233373231353865333630643863326239323038396165613562652c6d73673d653631653563626330636236393534366435646466333135663233303535383237663763393261623838313730326365373835333139306334376666306534622c636f756e7465723d3235332c743d3539303432362c6b696e643d64617461,iv=58a9b2372158e360d8c2b92089aea5be;msg=e61e5cbc0cb69546d5ddf315f23055827f7c92ab881702ce7853190c47ff0e4b;counter=253;t=590426;kind=data,135
592904,59,923.400,-28,-1.5,69763d65643566336231663033623465343138303836636335613861363132656530312c6d73673d613765623234653830386638666334326530336164633835303733613134353664376433346435663130353334663866343834303365396363633439656433372c636f756e7465723d3235342c743d3539323637322c6b696e643d64617461,iv=ed5f3b1f03b4e418086cc5a8a612ee01;msg=a7eb24e808f8fc42e03adc85073a1456d7d34d5f10534f8f48403e9ccc49ed37;counter=254;t=592672;kind=data,135
599378,59,923.400,-95,4.25,40ec0ff8018000000163c7062c16508619,NON_UTF8,17
601894,60,923.200,-28,5.25,69763d30393165393436646638316530313833356335333338376266393236376463652c6d73673d316337396239396436616136393663343862366461323037316530333838356665373764376265616335393330363231656335393237636231376435333363342c636f756e7465723d3235382c743d3630313636322c6b696e643d64617461,iv=091e946df81e01835c53387bf9267dce;msg=1c79b99d6aa696c48b6da2071e03885fe77d7beac5930621ec5927cb17d533c4;counter=258;t=601662;kind=data,135
604143,60,923.200,-27,1.5,69763d66643530333236643363393965643538613831383565363465663237336363652c6d73673d303531333233366537613966343863333739333839363839333430323130663136393832383836316636623331306639373864653662656366623338616663382c636f756e7465723d3235392c743d3630333931302c6b696e643d64617461,iv=fd50326d3c99ed58a8185e64ef273cce;msg=0513236e7a9f48c379389689340210f169828861f6b310f978de6becfb38afc8;counter=259;t=603910;kind=data,135
606390,60,923.200,-27,0.0,69763d35653239336230313039396333356134353531363661656330353866663233322c6d73673d323037626365633466636263326364623436626437643164633639326331386466626239346266643938613130323538376231366636326538653739373563632c636f756e7465723d3236302c743d3630363135362c6b696e643d64617461,iv=5e293b01099c35a455166aec058ff232;msg=207bcec4fcbc2cdb46bd7d1dc692c18dfbb94bfd98a102587b16f62e8e7975cc;counter=260;t=606156;kind=data,135
608637,60,923.200,-27,0.0,69763d35323462656164643363343435333135346334316566393137323632353762642c6d73673d383161653966343634663138303863643466396239303461316135343531633632343233623735383362303561313264396232316437346635303565396231612c636f756e7465723d3236312c743d3630383430342c6b696e643d64617461,iv=524beadd3c4453154c41ef91726257bd;msg=81ae9f464f1808cd4f9b904a1a5451c62423b7583b05a12d9b21d74f505e9b1a;counter=261;t=608404;kind=data,135
610885,61,920.800,-27,9.75,69763d38326335646636373038616561663034393638393031633232353930336365632c6d73673d343965623665656135613737396232396538313061363565373465326366613832326137343166626631366531386639333966656265666139336565353661652c636f756e7465723d3236322c743d3631303635332c6b696e643d64617461,iv=82c5df6708aeaf04968901c225903cec;msg=49eb6eea5a779b29e810a65e74e2cfa822a741fbf16e18f939febefa93ee56ae;counter=262;t=610653;kind=data,135
613131,61,920.800,-27,8.75,69763d35326138393332626334353139386637383166623738633333316636643164302c6d73673d613332613331616163303761623432356136396337366430636166373330663761323061653937366265323961306363316235306237653761393464613938332c636f756e7465723d3236332c743d3631323839382c6b696e643d64617461,iv=52a8932bc45198f781fb78c331f6d1d0;msg=a32a31aac07ab425a69c76d0caf730f7a20ae976be29a0cc1b50b7e7a94da983;counter=263;t=612898;kind=data,135
615379,61,920.800,-27,9.5,69763d30613031323738366361356661383761333333323038353263333264386364322c6d73673d396364356634373861333965333330363533306362316363616639323064333235356335636564393735666362656438646364323932383263656161656132382c636f756e7465723d3236342c743d3631353134372c6b696e643d64617461,iv=0a012786ca5fa87a33320852c32d8cd2;msg=9cd5f478a39e3306530cb1ccaf920d3255c5ced975fcbed8dcd29282ceaaea28;counter=264;t=615147;kind=data,135
617627,61,920.800,-26,10.0,69763d37366161336366336664613338653439363130343734356636613532303131392c6d73673d653163663362396134653537633634373337656234663533613834623732653833643331323534306433626530306563343934386233626638306639346634302c636f756e7465723d3236352c743d3631373339352c6b696e643d64617461,iv=76aa3cf3fda38e496104745f6a520119;msg=e1cf3b9a4e57c64737eb4f53a84b72e83d312540d3be00ec4948b3bf80f94f40;counter=265;t=617395;kind=data,135
619873,61,920.800,-27,10.0,69763d39316161663132353030303163643738393266373761313431643337613061652c6d73673d653964336535373036626363613666303637363438353762656332353162306161356363313337303431353833623262383239346363326535623732353237332c636f756e7465723d3236362c743d3631393634312c6b696e643d64617461,iv=91aaf1250001cd7892f77a141d37a0ae;msg=e9d3e5706bcca6f06764857bec251b0aa5cc137041583b2b8294cc2e5b725273;counter=266;t=619641;kind=data,135
622122,62,920.600,-27,9.75,69763d66346638313039646339656531636466663365663639613431643162393663392c6d73673d336238663064623632663761313435316663336663353333653737316532386564376133316234656162376438316565623331633762306434346532373265622c636f756e7465723d3236372c743d3632313838392c6b696e643d64617461,iv=f4f8109dc9ee1cdff3ef69a41d1b96c9;msg=3b8f0db62f7a1451fc3fc533e771e28ed7a31b4eab7d81eeb31c7b0d44e272eb;counter=267;t=621889;kind=data,135
624371,62,920.600,-27,9.75,69763d63336639666565306236643631393132633864386333333038343034313466642c6d73673d376664323462333564303330616136623963383664633937386433653932313564346161663538316135613538663861643233626639383236356534346439392c636f756e7465723d3236382c743d3632343133382c6b696e643d64617461,iv=c3f9fee0b6d61912c8d8c330840414fd;msg=7fd24b35d030aa6b9c86dc978d3e9215d4aaf581a5a58f8ad23bf98265e44d99;counter=268;t=624138;kind=data,135
626616,62,920.600,-27,9.5,69763d39336330346535393638636162363665323633393662376534356338393466612c6d73673d363539366437656162653238316235643230396236326535363864303330303164303731613037643133376630623861663736646238393532666533336461642c636f756e7465723d3236392c743d3632363338342c6b696e643d64617461,iv=93c04e5968cab66e26396b7e45c894fa;msg=6596d7eabe281b5d209b62e568d03001d071a07d137f0b8af76db8952fe33dad;counter=269;t=626384;kind=data,135
628865,62,920.600,-26,9.75,69763d38656166386266316638633531326266383837633731626139646635353161382c6d73673d323861313837376636306332393561653338356264393061376136383466353238653561326133386635306234623931646263376161663362613638366664622c636f756e7465723d3237302c743d3632383633322c6b696e643d64617461,iv=8eaf8bf1f8c512bf887c71ba9df551a8;msg=28a1877f60c295ae385bd90a7a684f528e5a2a38f50b4b91dbc7aaf3ba686fdb;counter=270;t=628632;kind=data,135
631114,63,921.200,-27,6.75,69763d65633732656663613036366163666262623065303665636135613734353139362c6d73673d646330613833616634383363353137363462636635393365653137643838376463633732336464663035626434353666376562303662663635313733373239312c636f756e7465723d3237312c743d3633303838312c6b696e643d64617461,iv=ec72efca066acfbbb0e06eca5a745196;msg=dc0a83af483c51764bcf593ee17d887dcc723ddf05bd456f7eb06bf651737291;counter=271;t=630881;kind=data,135
633360,63,921.200,-27,9.75,69763d36633131333831653036666438323537626365663038383262306333383630342c6d73673d316165373838303131383637333339393366366564336232613739633235316439663864653736376362396639626635636361646137636532643361356231662c636f756e7465723d3237322c743d3633333132372c6b696e643d64617461,iv=6c11381e06fd8257bcef0882b0c38604;msg=1ae78801186733993f6ed3b2a79c251d9f8de767cb9f9bf5ccada7ce2d3a5b1f;counter=272;t=633127;kind=data,135
635609,63,921.200,-27,8.75,69763d35613463613866396333396666316231653831633163336139333637343962302c6d73673d623435613136653264346565653833353432633238613934613132633038376239356463373164313633326236333166653439336438666266366235346130632c636f756e7465723d3237332c743d3633353337362c6b696e643d64617461,iv=5a4ca8f9c39ff1b1e81c1c3a936749b0;msg=b45a16e2d4eee83542c28a94a12c087b95dc71d1632b631fe493d8fbf6b54a0c;counter=273;t=635376;kind=data,135
637857,63,921.200,-28,9.5,69763d38656265383730656465643266633065613631323735306161306336373361642c6d73673d666461346134356166366134306639386637393662373832626165636664343965363137656163326135306665333935386434396132663165376338626239382c636f756e7465723d3237342c743d3633373632342c6b696e643d64617461,iv=8ebe870eded2fc0ea612750aa0c673ad;msg=fda4a45af6a40f98f796b782baecfd49e617eac2a50fe3958d49a2f1e7c8bb98;counter=274;t=637624;kind=data,135
640106,63,921.200,-27,9.0,69763d64613661353838336461666334396133343265353161353135343132316364652c6d73673d346132323366353639326564393461646633303035336134366263336363323864366439393463353435373166633537316633343739333135353261303265392c636f756e7465723d3237352c743d3633393837332c6b696e643d64617461,iv=da6a5883dafc49a342e51a5154121cde;msg=4a223f5692ed94adf30053a46bc3cc28d6d994c54571fc571f347931552a02e9;counter=275;t=639873;kind=data,135
642352,64,921.000,-27,7.75,69763d30653461323032363366343433633439653836623137376466326266383734322c6d73673d346533373032383435383837613465646462396530376638643830306130643661313237636633363939616265383931353130303064306637343163316265642c636f756e7465723d3237362c743d3634323131392c6b696e643d64617461,iv=0e4a20263f443c49e86b177df2bf8742;msg=4e3702845887a4eddb9e07f8d800a0d6a127cf3699abe89151000d0f741c1bed;counter=276;t=642119;kind=data,135
644601,64,921.000,-27,9.75,69763d35643738303766326465353562643364383365383038353832373931323164322c6d73673d663734643439323338633233656531393764666533616130303731353239386333656437373166373461653766386466356162636666643835663530623133332c636f756e7465723d3237372c743d3634343336382c6b696e643d64617461,iv=5d7807f2de55bd3d83e80858279121d2;msg=f74d49238c23ee197dfe3aa00715298c3ed771f74ae7f8df5abcffd85f50b133;counter=277;t=644368;kind=data,135
646850,64,921.000,-27,10.0,69763d32393639636163396563393032313263353764636665323639613437383230632c6d73673d626366313739363465326438303932333432313666366363663430383237663863303531363265333563316665636162613936363361633037623930616136392c636f756e7465723d3237382c743d3634363631372c6b696e643d64617461,iv=2969cac9ec90212c57dcfe269a47820c;msg=bcf17964e2d809234216f6ccf40827f8c05162e35c1fecaba9663ac07b90aa69;counter=278;t=646617;kind=data,135
649096,64,921.000,-27,8.25,69763d62613530376262663261623166373837323961306239366161353032353035632c6d73673d613034353639323336356136613764663662333234653034336138356335393761316662613336326233376165396661373533616238373233306632336633322c636f756e7465723d3237392c743d3634383836332c6b696e643d64617461,iv=ba507bbf2ab1f78729a0b96aa502505c;msg=a045692365a6a7df6b324e043a85c597a1fba362b37ae9fa753ab87230f23f32;counter=279;t=648863;kind=data,135
651345,65,921.600,-28,8.25,69763d30336434393564643066313865386637613162386338323966363039666138312c6d73673d303730663539613836353130306135386436623265313265393531633530353964626161613866393663623436356462306339323466626261366265396361642c636f756e7465723d3238302c743d3635313131322c6b696e643d64617461,iv=03d495dd0f18e8f7a1b8c829f609fa81;msg=070f59a865100a58d6b2e12e951c5059dbaaa8f96cb465db0c924fbba6be9cad;counter=280;t=651112;kind=data,135
653594,65,921.600,-28,9.5,69763d33313262366632663362626563643365643432393331346365633531363737632c6d73673d313162636232376466636434343433373334643762356264383231626634626636633763356639383231623036396233316164353332343434653765396338632c636f756e7465723d3238312c743d3635333336312c6b696e643d64617461,iv=312b6f2f3bbecd3ed429314cec51677c;msg=11bcb27dfcd4443734d7b5bd821bf4bf6c7c5f9821b069b31ad532444e7e9c8c;counter=281;t=653361;kind=data,135
655843,65,921.600,-27,7.5,69763d61646661623134316236303564613061653735653531343032616166663262632c6d73673d383338356138663666666663376161633532323365646131316161326631643866386635666262316339643962363166663962383130303439393738333335352c636f756e7465723d3238322c743d3635353630372c6b696e643d64617461,iv=adfab141b605da0ae75e51402aaff2bc;msg=8385a8f6fffc7aac5223eda11aa2f1d8f8f5fbb1c9d9b61ff9b8100499783355;counter=282;t=655607;kind=data,135
658092,65,921.600,-28,12.0,69763d33613736383261333537363438386663373630666265306366356635353234392c6d73673d313132303861393966356665636132343330623235363533663536333366393337633937326236646631333065366464366538666630353739313265653561342c636f756e7465723d3238332c743d3635373835382c6b696e643d64617461,iv=3a7682a3576488fc760fbe0cf5f55249;msg=11208a99f5feca2430b25653f5633f937c972b6df130e6dd6e8ff057912ee5a4;counter=283;t=657858;kind=data,135
662589,66,921.400,-27,9.5,69763d61343339333162613632616561326139313461383164306437303536623061312c6d73673d303531323431353362613736386661356530376563376462326235303762366232306664393463633663626261333738313038363835636234623864616232372c636f756e7465723d3238352c743d3636323335362c6b696e643d64617461,iv=a43931ba62aea2a914a81d0d7056b0a1;msg=05124153ba768fa5e07ec7db2b507b6b20fd94cc6cbba378108685cb4b8dab27;counter=285;t=662356;kind=data,135
664836,66,921.400,-27,9.75,69763d65386436323738343937646130653063663161343433326361616436343765362c6d73673d666434633961633162323932333665613363613365336333303239386662353834336564633934376162313435616461306536633263386365333864333063382c636f756e7465723d3238362c743d3636343630322c6b696e643d64617461,iv=e8d6278497da0e0cf1a4432caad647e6;msg=fd4c9ac1b29236ea3ca3e3c30298fb5843edc947ab145ada0e6c2c8ce38d30c8;counter=286;t=664602;kind=data,135
667085,66,921.400,-27,8.25,69763d33303661333437383562386665643364616538326538316161353139626239622c6d73673d303666396665616533383761353863343534666232336161656139306264346166363837383039333136366638323764303637633264303839613563366630392c636f756e7465723d3238372c743d3636363835312c6b696e643d64617461,iv=306a34785b8fed3dae82e81aa519bb9b;msg=06f9feae387a58c454fb23aaea90bd4af6878093166f827d067c2d089a5c6f09;counter=287;t=666851;kind=data,135
669334,66,921.400,-27,9.75,69763d65656261393438623937363964336263396239353266386330366565363562632c6d73673d346234343836653764383130666231363337323331316131393966366638623238353064613330643736303264363435623464616234653663356639383063642c636f756e7465723d3238382c743d3636393130312c6b696e643d64617461,iv=eeba948b9769d3bc9b952f8c06ee65bc;msg=4b4486e7d810fb16372311a199f6f8b2850da30d7602d645b4dab4e6c5f980cd;counter=288;t=669101;kind=data,135
673830,67,923.400,-27,1.0,69763d64666162636364383437383338313538613836636430613261353666646161392c6d73673d343533343162636166613338613738376633393033643130333435353534366234653334613138396231393761393435333133666162363638323361353162642c636f756e7465723d3239302c743d3637333539362c6b696e643d64617461,iv=dfabccd847838158a86cd0a2a56fdaa9;msg=45341bcafa38a787f3903d103455546b4e34a189b197a945313fab66823a51bd;counter=290;t=673596;kind=data,135
676081,67,923.400,-26,2.0,69763d64636638626133356365373639653432356333313531643562636163663332342c6d73673d343035373165613935643333626633313632363433343038633238353431633334396231316135373366376538653166303163666538613561343737363237322c636f756e7465723d3239312c743d3637353834352c6b696e643d64617461,iv=dcf8ba35ce769e425c3151d5bcacf324;msg=40571ea95d33bf3162643408c28541c349b11a573f7e8e1f01cfe8a5a4776272;counter=291;t=675845;kind=data,135
680577,68,923.200,-28,3.25,69763d66333230626338336561613132666263616162333532646263613531626432622c6d73673d373430366162343930343737333366323030373439316132313631623632633063653965373133376665343963333562626134623562393430663563623863662c636f756e7465723d3239332c743d3638303334342c6b696e643d64617461,iv=f320bc83eaa12fbcaab352dbca51bd2b;msg=7406ab49047733f2007491a2161b62c0ce9e7137fe49c35bba4b5b940f5cb8cf;counter=293;t=680344;kind=data,135
682824,68,923.200,-27,1.25,69763d30613937316436386563616338633639366166336534623134353962613466652c6d73673d613733326433333063393232633331303161663563663763656366643837346163326337643139396663313166623039386364343738326561343864393236612c636f756e7465723d3239342c743d3638323539302c6b696e643d64617461,iv=0a971d68ecac8c696af3e4b1459ba4fe;msg=a732d330c922c3101af5cf7cecfd874ac2c7d199fc11fb098cd4782ea48d926a;counter=294;t=682590;kind=data,135
685073,68,923.200,-27,2.75,69763d65636430373866633138386561666231633536643036323933626265383164382c6d73673d663162643237666130333163326538333036366235643632306665333364303763613030313963326164306162626265626435373738326232376338303530332c636f756e7465723d3239352c743d3638343833392c6b696e643d64617461,iv=ecd078fc188eafb1c56d06293bbe81d8;msg=f1bd27fa031c2e83066b5d620fe33d07ca0019c2ad0abbbebd57782b27c80503;counter=295;t=684839;kind=data,135
687322,68,923.200,-29,1.75,69763d32656361363832346534663936333033636634333434313735303764326530642c6d73673d666631393635366332323037393964336665656636376436336466633531353831316632313239346236666232376530633431313834323839646338393363622c636f756e7465723d3239362c743d3638373038392c6b696e643d64617461,iv=2eca6824e4f96303cf434417507d2e0d;msg=ff19656c220799d3feef67d63dfc515811f21294b6fb27e0c41184289dc893cb;counter=296;t=687089;kind=data,135
689572,68,923.200,-27,0.25,69763d31396361373037613132336133336335356435346334346436383531376335352c6d73673d613264633361653262386363336239306165663734376232313939336332366237386137306133316334333434646561643537343236656563386431626431322c636f756e7465723d3239372c743d3638393333382c6b696e643d64617461,iv=19ca707a123a33c55d54c44d68517c55;msg=a2dc3ae2b8cc3b90aef747b21993c26b78a70a31c4344dead57426eec8d1bd12;counter=297;t=689338;kind=data,135
691818,69,920.800,-27,9.75,69763d36356438373165623966656362613037353137613661646333306463626465632c6d73673d376639343466313436636333363064383130396261643265313338383361646333393466626465326230396363313933303466643238303734626231383637652c636f756e7465723d3239382c743d3639313538352c6b696e643d64617461,iv=65d871eb9fecba07517a6adc30dcbdec;msg=7f944f146cc360d8109bad2e13883adc394fbde2b09cc19304fd28074bb1867e;counter=298;t=691585;kind=data,135
694068,69,920.800,-27,9.75,69763d30373838383533363938396539306563643839383764646636366333326138372c6d73673d336563343266366261373737363633633634313536323235336138316131613265373334393563306438373161613637323438646337663831653930396363632c636f756e7465723d3239392c743d3639333833342c6b696e643d64617461,iv=07888536989e90ecd8987ddf66c32a87;msg=3ec42f6ba777663c641562253a81a1a2e73495c0d871aa67248dc7f81e909ccc;counter=299;t=693834;kind=data,135
696317,69,920.800,-27,9.5,69763d65366464643538623934663737303632373365643532353064383832323563382c6d73673d623763613466643732656135313035643763393230303962356561663834316233343038356430316133646265336333663236626132623439666338393637392c636f756e7465723d3330302c743d3639363038332c6b696e643d64617461,iv=e6ddd58b94f7706273ed5250d88225c8;msg=b7ca4fd72ea5105d7c92009b5eaf841b34085d01a3dbe3c3f26ba2b49fc89679;counter=300;t=696083;kind=data,135
698567,69,920.800,-27,10.0,69763d62326439626139616633323662373939313361396562323735653934396636372c6d73673d623164663131643163383633643336643561323135666162666536323332623066333661616161653063366662313037303437646135356434303330303936302c636f756e7465723d3330312c743d3639383333332c6b696e643d64617461,iv=b2d9ba9af326b79913a9eb275e949f67;msg=b1df11d1c863d36d5a215fabfe6232b0f36aaaae0c6fb107047da55d40300960;counter=301;t=698333;kind=data,135
700814,70,920.600,-27,11.25,69763d66383739626139343836383763356631616361633039313035363332333931612c6d73673d353039613138303763663161643033623739353464306532303766313133653865353564303039313636643335666338353838366364656662373336636332382c636f756e7465723d3330322c743d3730303538302c6b696e643d64617461,iv=f879ba948687c5f1acac09105632391a;msg=509a1807cf1ad03b7954d0e207f113e8e55d009166d35fc85886cdefb736cc28;counter=302;t=700580;kind=data,135
703063,70,920.600,-26,9.5,69763d39623031383039303563336135366366613662663036316162386538313333662c6d73673d323466613736666332333661643163366431373133633736643432636136306239343136353966373939393337323038656439653130613531663131663135632c636f756e7465723d3330332c743d3730323832392c6b696e643d64617461,iv=9b0180905c3a56cfa6bf061ab8e8133f;msg=24fa76fc236ad1c6d1713c76d42ca60b941659f799937208ed9e10a51f11f15c;counter=303;t=702829;kind=data,135
705312,70,920.600,-27,9.5,69763d32663562306430613165616561323630303832613362393365323539326432632c6d73673d353031313830623835306531636139383634376437326131313064613936313638393663393738366665376431646366313563393636663833663938653730392c636f756e7465723d3330342c743d3730353037382c6b696e643d64617461,iv=2f5b0d0a1eaea260082a3b93e2592d2c;msg=501180b850e1ca98647d72a110da9616896c9786fe7d1dcf15c966f83f98e709;counter=304;t=705078;kind=data,135
707562,70,920.600,-27,9.25,69763d39613532356332313934653234383862643736353462643839643262303765622c6d73673d396432333965376533656463353935343830383466366632626538316461346164643234333365623930356638353734333035336230373236386265623565362c636f756e7465723d3330352c743d3730373332382c6b696e643d64617461,iv=9a525c2194e2488bd7654bd89d2b07eb;msg=9d239e7e3edc59548084f6f2be81da4add2433eb905f85743053b07268beb5e6;counter=305;t=707328;kind=data,135
709812,70,920.600,-27,9.75,69763d61646638386131643065306565663364303031313637663533363165383032652c6d73673d343837646139393833613438623766623664313661393563303337393134373761353464326335373339363664313065663864613438303936373938393334312c636f756e7465723d3330362c743d3730393537352c6b696e643d64617461,iv=adf88a1d0e0eef3d001167f5361e802e;msg=487da9983a48b7fb6d16a95c03791477a54d2c573966d10ef8da480967989341;counter=306;t=709575;kind=data,135
712061,71,921.200,-27,9.5,69763d38393562353431633938366435326562383238386635643837633231336537322c6d73673d643238316563333232303266336164396439383137393939386635663431373938306131346230633935616438663633646666643134653966613765353563632c636f756e7465723d3330372c743d3731313832372c6b696e643d64617461,iv=895b541c986d52eb8288f5d87c213e72;msg=d281ec32202f3ad9d98179998f5f417980a14b0c95ad8f63dffd14e9fa7e55cc;counter=307;t=711827;kind=data,135
714311,71,921.200,-27,10.0,69763d31383030393563303035396665333139316661366234663138663466303034622c6d73673d616263376535353962663939613064396466636666653439636164396130646231316432363637333961633861376638663830616630346362373761393365322c636f756e7465723d3330382c743d3731343037362c6b696e643d64617461,iv=180095c0059fe3191fa6b4f18f4f004b;msg=abc7e559bf99a0d9dfcffe49cad9a0db11d266739ac8a7f8f80af04cb77a93e2;counter=308;t=714076;kind=data,135
716561,71,921.200,-27,9.25,69763d30646566663339326565653763656236303463386362626664383336306166612c6d73673d303137316134613639356234633531393231626435316563653362393631343437326530643165396536616638663562336161373138326464366561663161352c636f756e7465723d3330392c743d3731363332362c6b696e643d64617461,iv=0deff392eee7ceb604c8cbbfd8360afa;msg=0171a4a695b4c51921bd51ece3b9614472e0d1e9e6af8f5b3aa7182dd6eaf1a5;counter=309;t=716326;kind=data,135
718809,71,921.200,-27,10.0,69763d63663337363163343732363135316634316264373966363932613563643065352c6d73673d333334323535333439376537346364656136623639323036353162386566373534393035666130396137306239613834343161346661343937646237376365382c636f756e7465723d3331302c743d3731383537352c6b696e643d64617461,iv=cf3761c4726151f41bd79f692a5cd0e5;msg=3342553497e74cdea6b6920651b8ef754905fa09a70b9a8441a4fa497db77ce8;counter=310;t=718575;kind=data,135
721057,72,921.000,-27,10.25,69763d30323136373232383562623161326530613233373433333933313164306563352c6d73673d626334393838306163663933623732383232643765646533636562613137353965656164623764616337663839616132383234633132336636393164306139662c636f756e7465723d3331312c743d3732303832322c6b696e643d64617461,iv=021672285bb1a2e0a2374339311d0ec5;msg=bc49880acf93b72822d7ede3ceba1759eeadb7dac7f89aa2824c123f691d0a9f;counter=311;t=720822;kind=data,135
723306,72,921.000,-27,9.75,69763d64333730653638666465306234353232303031663662376564303138386163612c6d73673d613162363330346430633537643239633864616361663564613331616432366565386337363264663461383235646461633834396230636631313166656261662c636f756e7465723d3331322c743d3732333037322c6b696e643d64617461,iv=d370e68fde0b4522001f6b7ed0188aca;msg=a1b6304d0c57d29c8dacaf5da31ad26ee8c762df4a825ddac849b0cf111febaf;counter=312;t=723072;kind=data,135
725556,72,921.000,-27,10.25,69763d32343866633762636461633861623465613038616638356165303631643332642c6d73673d343133306336333239393565366561376231313130666361363061636137633962656632346632336435346134333438643335306361323931303836323839622c636f756e7465723d3331332c743d3732353332312c6b696e643d64617461,iv=248fc7bcdac8ab4ea08af85ae061d32d;msg=4130c632995e6ea7b1110fca60aca7c9bef24f23d54a4348d350ca291086289b;counter=313;t=725321;kind=data,135
727805,72,921.000,-27,9.75,69763d35363235323565313936336636613830373262383135396334313666396339652c6d73673d396361633661386137323061316438316562633933653536376466616431396366383664666339633831656435626132303932376161613939373235333462392c636f756e7465723d3331342c743d3732373537312c6b696e643d64617461,iv=562525e1963f6a8072b8159c416f9c9e;msg=9cac6a8a720a1d81ebc93e567dfad19cf86dfc9c81ed5ba20927aaa9972534b9;counter=314;t=727571;kind=data,135
730055,72,921.000,-28,9.5,69763d66643263366636626533653032306239663334333766616435376232643966632c6d73673d313333303630616539613864353634363765333434646666343239353466383866383164373065616430626130653961373239613533336237396665613635332c636f756e7465723d3331352c743d3732393832312c6b696e643d64617461,iv=fd2c6f6be3e020b9f3437fad57b2d9fc;msg=133060ae9a8d56467e344dff42954f88f81d70ead0ba0e9a729a533b79fea653;counter=315;t=729821;kind=data,135
732302,73,921.600,-27,7.75,69763d63376133346266326239613631656461323166343032303535626164623332352c6d73673d663766613463613438373639613230626363326564373335386161343539346330613038303031666363356234313230373062656137353335343939396164662c636f756e7465723d3331362c743d3733323036382c6b696e643d64617461,iv=c7a34bf2b9a61eda21f402055badb325;msg=f7fa4ca48769a20bcc2ed7358aa4594c0a08001fcc5b412070bea75354999adf;counter=316;t=732068;kind=data,135
734554,73,921.600,-27,8.5,69763d30663735333566306661343263366534613563353237303530373838306666372c6d73673d643131653130313832376536373662376162333935666534373831393865346332366365396435303633363535303134326161313832386431656631636365622c636f756e7465723d3331372c743d3733343331382c6b696e643d64617461,iv=0f7535f0fa42c6e4a5c5270507880ff7;msg=d11e101827e676b7ab395fe478198e4c26ce9d50636550142aa1828d1ef1cceb;counter=317;t=734318;kind=data,135
736803,73,921.600,-27,9.5,69763d31366164303966333362376366653831373439373134643761636134633535332c6d73673d396161316437353636646264643235643438663063366161366430633261663162303832386437383837333236343731303135353632363861623465636565352c636f756e7465723d3331382c743d3733363536382c6b696e643d64617461,iv=16ad09f33b7cfe81749714d7aca4c553;msg=9aa1d7566dbdd25d48f0c6aa6d0c2af1b0828d788732647101556268ab4ecee5;counter=318;t=736568;kind=data,135
739052,73,921.600,-27,6.5,69763d65353738356133306334326534653465393234616266353365373261376563352c6d73673d623136613434633261313932363266336433653231316638313762356162386535396634623435356365626234316263653832313534356462386264653862332c636f756e7465723d3331392c743d3733383831372c6b696e643d64617461,iv=e5785a30c42e4e4e924abf53e72a7ec5;msg=b16a44c2a19262f3d3e211f817b5ab8e59f4b455cebb41bce821545db8bde8b3;counter=319;t=738817;kind=data,135
741302,74,921.400,-27,9.5,69763d35383465616666376436623035646236646534373563386163366138623461662c6d73673d336230613534656636366263353937396563323139363732303466636434373330303663356666336236353836633235383461343933656232343333663365372c636f756e7465723d3332302c743d3734313036372c6b696e643d64617461,iv=584eaff7d6b05db6de475c8ac6a8b4af;msg=3b0a54ef66bc5979ec21967204fcd473006c5ff3b6586c2584a493eb2433f3e7;counter=320;t=741067;kind=data,135
743550,74,921.400,-27,8.5,69763d63613634366532323231313538623835346461616439366435303561636137372c6d73673d376538376239633564336136653361316366373766306432643461316664343266363233336639303265336162363066383163653932383639313437343639332c636f756e7465723d3332312c743d3734333331352c6b696e643d64617461,iv=ca646e2221158b854daad96d505aca77;msg=7e87b9c5d3a6e3a1cf77f0d2d4a1fd42f6233f902e3ab60f81ce928691474693;counter=321;t=743315;kind=data,135
745799,74,921.400,-28,9.5,69763d33666264366666643036633261346363353164643333643334393066346661652c6d73673d336433666666613664666432303566353563666230383133383565643038636638313833393764376434346234623863343735323638326163386632386337632c636f756e7465723d3332322c743d3734353536352c6b696e643d64617461,iv=3fbd6ffd06c2a4cc51dd33d3490f4fae;msg=3d3fffa6dfd205f55cfb081385ed08cf818397d7d44b4b8c4752682ac8f28c7c;counter=322;t=745565;kind=data,135
748049,74,921.400,-28,9.75,69763d66656361633639666130356664623163303463326233366236356638306137382c6d73673d373634656265343865623039646165623063363139316337303839623138326265636438386532646237383235303737646636386663353132633831326431662c636f756e7465723d3332332c743d3734373831342c6b696e643d64617461,iv=fecac69fa05fdb1c04c2b36b65f80a78;msg=764ebe48eb09daeb0c6191c7089b182becd88e2db7825077df68fc512c812d1f;counter=323;t=747814;kind=data,135
752549,75,923.400,-28,1.5,69763d65626634613662386130366366666530393566333038333262313539623161662c6d73673d346635663937663433386131383530363233303738323836306466333439353234386262346336656531663730643766393963636265343161656234666139392c636f756e7465723d3332352c743d3735323331342c6b696e643d64617461,iv=ebf4a6b8a06cffe095f30832b159b1af;msg=4f5f97f438a18506230782860df3495248bb4c6ee1f70d7f99ccbe41aeb4fa99;counter=325;t=752314;kind=data,135
754799,75,923.400,-28,2.25,69763d63643362613466373564356232646666623339646134323836656336356565622c6d73673d333462333034396432313233626331656130646264623533353331396265356232666435613330376235623063646431353332316262336339393139366233642c636f756e7465723d3332362c743d3735343536322c6b696e643d64617461,iv=cd3ba4f75d5b2dffb39da4286ec65eeb;msg=34b3049d2123bc1ea0dbdb535319be5b2fd5a307b5b0cdd15321bb3c99196b3d;counter=326;t=754562;kind=data,135
757050,75,923.400,-27,0.25,69763d63383230626463303638396436363065613836653063656238393063626464612c6d73673d643631343162383765386236316639306138646231376137386230613238613738386239363866353339336232393433666137306565383763663231333139302c636f756e7465723d3332372c743d3735363831352c6b696e643d64617461,iv=c820bdc0689d660ea86e0ceb890cbdda;msg=d6141b87e8b61f90a8db17a78b0a28a788b968f5393b2943fa70ee87cf213190;counter=327;t=756815;kind=data,135
759300,75,923.400,-28,2.25,69763d37306537363663633263396535363264656531333330393563363332303965342c6d73673d336664363464353332396235343739396361646538326162383065303266383333333365326232343363363336376431646532656330653435643031346538652c636f756e7465723d3332382c743d3735393036352c6b696e643d64617461,iv=70e766cc2c9e562dee133095c63209e4;msg=3fd64d5329b54799cade82ab80e02f83333e2b243c6367d1de2ec0e45d014e8e;counter=328;t=759065;kind=data,135
761550,76,923.200,-26,-0.25,69763d64313063323261623530356335626434326364303537613136656433353066312c6d73673d343331323263313161643835376362336331313736663262323866356138356438663938373730633430383866376639333738323232666136356537353433392c636f756e7465723d3332392c743d3736313331352c6b696e643d64617461,iv=d10c22ab505c5bd42cd057a16ed350f1;msg=43122c11ad857cb3c1176f2b28f5a85d8f98770c4088f7f9378222fa65e75439;counter=329;t=761315;kind=data,135
763800,76,923.200,-26,0.75,69763d63653861323863663539363230636366333636316135356639623037653839632c6d73673d636561356331346262313436333733623463383036336139636266313730363664343666373834306632636638313237663464383463613163346433346663622c636f756e7465723d3333302c743d3736333536352c6b696e643d64617461,iv=ce8a28cf59620ccf3661a55f9b07e89c;msg=cea5c14bb146373b4c8063a9cbf17066d46f7840f2cf8127f4d84ca1c4d34fcb;counter=330;t=763565;kind=data,135
766050,76,923.200,-27,2.0,69763d30373963343938376562656534633734616562333162666263663238636135312c6d73673d343936666533333137383236356539343662643639613062323935303638366535393966333634306463383633356236353535373464386262613930323631652c636f756e7465723d3333312c743d3736353831352c6b696e643d64617461,iv=079c4987ebee4c74aeb31bfbcf28ca51;msg=496fe33178265e946bd69a0b2950686e599f3640dc8635b655574d8bba90261e;counter=331;t=765815;kind=data,135
768300,76,923.200,-28,1.25,69763d62353331373634643630653337646631626134393335306131616233393038312c6d73673d306435356634323236383661303634336237376330306634623737336366633866306634316231633063616431373634666137383031383666343433653564342c636f756e7465723d3333322c743d3736383036322c6b696e643d64617461,iv=b531764d60e37df1ba49350a1ab39081;msg=0d55f422686a0643b77c00f4b773cfc8f0f41b1c0cad1764fa780186f443e5d4;counter=332;t=768062;kind=data,135
770551,77,920.800,-27,10.0,69763d61343033393166346330633732386363613232616530653166396466343130632c6d73673d333461356231653630306130363763643130366230396165353465343930363336386637643964373736623463666662666463326534663263323130353766322c636f756e7465723d3333332c743d3737303331352c6b696e643d64617461,iv=a40391f4c0c728cca22ae0e1f9df410c;msg=34a5b1e600a067cd106b09ae54e4906368f7d9d776b4cffbfdc2e4f2c21057f2;counter=333;t=770315;kind=data,135
772801,77,920.800,-27,9.5,69763d31353332346439353037626336653963616632376635353066623637323065662c6d73673d323332623732343130663638376435373466346636356463393435656461643066303433303835623264356434306636396661613334643239343062613632392c636f756e7465723d3333342c743d3737323536352c6b696e643d64617461,iv=15324d9507bc6e9caf27f550fb6720ef;msg=232b72410f687d574f4f65dc945edad0f043085b2d5d40f69faa34d2940ba629;counter=334;t=772565;kind=data,135
775051,77,920.800,-27,8.75,69763d39336135366630646633613237343364316635623863643531376334323234342c6d73673d336231376532366361393035396465626265623132333832666530336336363432633036316538303163633838313239393137646239323130313566653064612c636f756e7465723d3333352c743d3737343831362c6b696e643d64617461,iv=93a56f0df3a2743d1f5b8cd517c42244;msg=3b17e26ca9059debbeb12382fe03c6642c061e801cc88129917db921015fe0da;counter=335;t=774816;kind=data,135
777301,77,920.800,-27,9.75,69763d66646439626137306266623637633565383530353630393433336563323639652c6d73673d326639343531613230626166626233323436353832653338643835666366613138313935393236323835326266343737303764383961366664636434356532332c636f756e7465723d3333362c743d3737373036362c6b696e643d64617461,iv=fdd9ba70bfb67c5e8505609433ec269e;msg=2f9451a20bafbb3246582e38d85fcfa181959262852bf47707d89a6fdcd45e23;counter=336;t=777066;kind=data,135
779552,77,920.800,-27,9.75,69763d65393335666266306663623036613739363838373162343063653366626635662c6d73673d316438653432613333656665646564353564333339396535323438383938323432353239616332626664376564393030366266383136633265323964623563322c636f756e7465723d3333372c743d3737393331362c6b696e643d64617461,iv=e935fbf0fcb06a7968871b40ce3fbf5f;msg=1d8e42a33efeded55d3399e5248898242529ac2bfd7ed9006bf816c2e29db5c2;counter=337;t=779316;kind=data,135
781802,78,920.600,-27,10.0,69763d34353133323362653533393537326538323861363831623138326532376266322c6d73673d616431373461393331346461653965323264646562333266306265333666326634653831306264376565613133393065646362373839613632376436626634632c636f756e7465723d3333382c743d3738313536372c6b696e643d64617461,iv=451323be539572e828a681b182e27bf2;msg=ad174a9314dae9e22ddeb32f0be36f2f4e810bd7eea1390edcb789a627d6bf4c;counter=338;t=781567;kind=data,135
784053,78,920.600,-28,9.5,69763d38333639376637653538313234313837646164306634373135626236663530662c6d73673d626165646263323631363134356335623732373030393263363932616664653135636365656433363266373834323431666533643530333530303139653136612c636f756e7465723d3333392c743d3738333831342c6b696e643d64617461,iv=83697f7e58124187dad0f4715bb6f50f;msg=baedbc2616145c5b7270092c692afde15cceed362f784241fe3d50350019e16a;counter=339;t=783814;kind=data,135
786303,78,920.600,-27,10.0,69763d64633334616333656339363361313038333965323264306238353039623239392c6d73673d613762643962316330323161373465383262663431633730646239343031623837663962663839316530346434613437363638653461313664333162623666372c636f756e7465723d3334302c743d3738363036372c6b696e643d64617461,iv=dc34ac3ec963a10839e22d0b8509b299;msg=a7bd9b1c021a74e82bf41c70db9401b87f9bf891e04d4a47668e4a16d31bb6f7;counter=340;t=786067;kind=data,135
788554,78,920.600,-26,7.0,69763d33663963326563353132333265366234373932393161376132336233316465312c6d73673d376336353137303033636561303464663461303138653964366234383032623531643432366361333965353535636163343464616433353736656663663364352c636f756e7465723d3334312c743d3738383331382c6b696e643d64617461,iv=3f9c2ec51232e6b479291a7a23b31de1;msg=7c6517003cea04df4a018e9d6b4802b51d426ca39e555cac44dad3576efcf3d5;counter=341;t=788318;kind=data,135
790804,79,921.200,-27,9.0,69763d61653832346334356535393134373862376566333966626233303732326636372c6d73673d316132383766666661623261303733623664613331633639393665643639346262366135346535643038616333613438626239633861386561303838636565642c636f756e7465723d3334322c743d3739303536382c6b696e643d64617461,iv=ae824c45e591478b7ef39fbb30722f67;msg=1a287fffab2a073b6da31c6996ed694bb6a54e5d08ac3a48bb9c8a8ea088ceed;counter=342;t=790568;kind=data,135
793055,79,921.200,-27,8.75,69763d62333436306164666238386139313634633063626138336637333861323764322c6d73673d363963393861376161353933333564376662336565323763643965353963306131633062353835303363346466643234343865313765396633303564353761612c636f756e7465723d3334332c743d3739323831382c6b696e643d64617461,iv=b3460adfb88a9164c0cba83f738a27d2;msg=69c98a7aa59335d7fb3ee27cd9e59c0a1c0b58503c4dfd2448e17e9f305d57aa;counter=343;t=792818;kind=data,135
795305,79,921.200,-27,9.75,69763d32303762313264336464326137666266386331323565323666613463346565372c6d73673d363864343530303335613337386434656665633236336266383037396234396165613133393534366266656534646365343062656632666139396534663766322c636f756e7465723d3334342c743d3739353036392c6b696e643d64617461,iv=207b12d3dd2a7fbf8c125e26fa4c4ee7;msg=68d450035a378d4efec263bf8079b49aea139546bfee4dce40bef2fa99e4f7f2;counter=344;t=795069;kind=data,135
797555,79,921.200,-27,11.0,69763d34633339613462666230636164376631346462303866613830306135303634612c6d73673d303436386532396635353933306438663661363533613862376632356134363134613862626433663539616139613335306262393234393034633635383136652c636f756e7465723d3334352c743d3739373331392c6b696e643d64617461,iv=4c39a4bfb0cad7f14db08fa800a5064a;msg=0468e29f55930d8f6a653a8b7f25a4614a8bbd3f59aa9a350bb924904c65816e;counter=345;t=797319;kind=data,135
799806,79,921.200,-27,8.75,69763d33643564623934363764393766383632643339633036343664323563376437392c6d73673d333036613034613563303062336335656537363034636338326466636435666338663530623236646265356461356664326162333365633162663161396433312c636f756e7465723d3334362c743d3739393537302c6b696e643d64617461,iv=3d5db9467d97f862d39c0646d25c7d79;msg=306a04a5c00b3c5ee7604cc82dfcd5fc8f50b26dbe5da5fd2ab33ec1bf1a9d31;counter=346;t=799570;kind=data,135
802054,80,921.000,-28,9.25,69763d39366138323039646163653931616431333465316532663238656634363736312c6d73673d373130333364383034653064383763663363333262356633393361396438386464343132333262303136663364306330303538366433373963623137353633642c636f756e7465723d3334372c743d3830313831382c6b696e643d64617461,iv=96a8209dace91ad134e1e2f28ef46761;msg=71033d804e0d87cf3c32b5f393a9d88dd41232b016f3d0c00586d379cb17563d;counter=347;t=801818;kind=data,135
804304,80,921.000,-28,9.75,69763d62613831373532326335646637306633373132613764363733333433336339662c6d73673d366462306665313938613537346239346530653236643934333862383030653864636133343862313362336534356134353637376166303564366563356138322c636f756e7465723d3334382c743d3830343036382c6b696e643d64617461,iv=ba817522c5df70f3712a7d6733433c9f;msg=6db0fe198a574b94e0e26d9438b800e8dca348b13b3e45a45677af05d6ec5a82;counter=348;t=804068;kind=data,135
806555,80,921.000,-28,9.25,69763d61356637653433636332633037383030636435643562333630346263323532622c6d73673d613930356632623966306362303933646134343563343363623761356562626339656236356465656163653930373136303939643035643461376361373861632c636f756e7465723d3334392c743d3830363331392c6b696e643d64617461,iv=a5f7e43cc2c07800cd5d5b3604bc252b;msg=a905f2b9f0cb093da445c43cb7a5ebbc9eb65deeace90716099d05d4a7ca78ac;counter=349;t=806319;kind=data,135
808806,80,921.000,-27,9.0,69763d64363933353663306466653933306639323937313435366561393363383034372c6d73673d343130303961383732303565306431356465303637316532346336353665353433643730626364636664393334316165366532653733303238376233636233372c636f756e7465723d3335302c743d3830383537302c6b696e643d64617461,iv=d69356c0dfe930f92971456ea93c8047;msg=41009a87205e0d15de0671e24c656e543d70bcdcfd9341ae6e2e730287b3cb37;counter=350;t=808570;kind=data,135
811056,81,921.600,-27,9.75,69763d36616466333538643132626538393231643730303433653363643737656130362c6d73673d373162323531356238653732383362393537623836383536393833393161393337653135663231353466663732626537623235353230343930346531633666622c636f756e7465723d3335312c743d3831303832302c6b696e643d64617461,iv=6adf358d12be8921d70043e3cd77ea06;msg=71b2515b8e7283b957b8685698391a937e15f2154ff72be7b255204904e1c6fb;counter=351;t=810820;kind=data,135
813307,81,921.600,-27,8.75,69763d63306139316136663763356465653534386239363130626531323866393333312c6d73673d333234393336343532373663653431346234373532623661626130656638386161333137356130366137646333633663393231336662636261623938343137302c636f756e7465723d3335322c743d3831333037312c6b696e643d64617461,iv=c0a91a6f7c5dee548b9610be128f9331;msg=32493645276ce414b4752b6aba0ef88aa3175a06a7dc3c6c9213fbcbab984170;counter=352;t=813071;kind=data,135
815558,81,921.600,-28,9.5,69763d33663535653366396164616561643134663462663532636664306630366665362c6d73673d323165383037613937393461303135383965653863316330626163653038663439333030613438373132373464366231386632643234326462353464323261662c636f756e7465723d3335332c743d3831353332312c6b696e643d64617461,iv=3f55e3f9adaead14f4bf52cfd0f06fe6;msg=21e807a9794a01589ee8c1c0bace08f49300a4871274d6b18f2d242db54d22af;counter=353;t=815321;kind=data,135
817808,81,921.600,-27,9.5,69763d62616238633561323238363261646130626562303734616537613262313764642c6d73673d323834306566393163616564313965643964366534663463316339346162636131363939366566656563643863353236656434316137666135346431636563312c636f756e7465723d3335342c743d3831373537322c6b696e643d64617461,iv=bab8c5a22862ada0beb074ae7a2b17dd;msg=2840ef91caed19ed9d6e4f4c1c94abca16996efeecd8c526ed41a7fa54d1cec1;counter=354;t=817572;kind=data,135
820060,81,921.600,-27,9.75,69763d63313337396262653861303238343736393035656362353430373565653032612c6d73673d653534646335616335333464326263643562613963616434353537663966666232633434353062373861643663646163393334666334663430316234393033392c636f756e7465723d3335352c743d3831393832302c6b696e643d64617461,iv=c1379bbe8a028476905ecb54075ee02a;msg=e54dc5ac534d2bcd5ba9cad4557f9ffb2c4450b78ad6cdac934fc4f401b49039;counter=355;t=819820;kind=data,135
822310,82,921.400,-27,9.5,69763d64313762396566333362316130666264353933356138333634636135383330642c6d73673d636136393039646535343731376564316631376138616134316166333565363363326433343335313839373230373532653863663738356661636665636339612c636f756e7465723d3335362c743d3832323037342c6b696e643d64617461,iv=d17b9ef33b1a0fbd5935a8364ca5830d;msg=ca6909de54717ed1f17a8aa41af35e63c2d3435189720752e8cf785facfecc9a;counter=356;t=822074;kind=data,135
824561,82,921.400,-27,8.25,69763d33363163623062313738663039393163363631393832383230646433333737612c6d73673d316333643965343536373965393534363032363231643066653666386230313265313961313534346635393737363964396232656332313638616663333235612c636f756e7465723d3335372c743d3832343332352c6b696e643d64617461,iv=361cb0b178f0991c661982820dd3377a;msg=1c3d9e45679e954602621d0fe6f8b012e19a1544f597769d9b2ec2168afc325a;counter=357;t=824325;kind=data,135
826812,82,921.400,-27,10.0,69763d36353762626638373636653933643137386662333738323764383233633562632c6d73673d663533343435363963653638383562616161316433383765353434623139336233363630373664353964626339663031653138653865353466393764366339372c636f756e7465723d3335382c743d3832363537352c6b696e643d64617461,iv=657bbf8766e93d178fb37827d823c5bc;msg=f5344569ce6885baaa1d387e544b193b366076d59dbc9f01e18e8e54f97d6c97;counter=358;t=826575;kind=data,135
829063,82,921.400,-26,8.5,69763d38636331356266656234663762336366636239306531393035633962653237382c6d73673d346433393038396635353137643232363038353232333232653262363137336637623638353364653438343964623633646232663238613264643934656333632c636f756e7465723d3335392c743d3832383832362c6b696e643d64617461,iv=8cc15bfeb4f7b3cfcb90e1905c9be278;msg=4d39089f5517d22608522322e2b6173f7b6853de4849db63db2f28a2dd94ec3c;counter=359;t=828826;kind=data,135
831314,83,923.400,-27,1.25,69763d36313236613930666663633363623038363663633661356231333430376262392c6d73673d633937353738616533303833313832656139663639303538343939613831363866626466633866396665323135306566373137343664623266663732646465332c636f756e7465723d3336302c743d3833313037372c6b696e643d64617461,iv=6126a90ffcc3cb0866cc6a5b13407bb9;msg=c97578ae3083182ea9f69058499a8168fbdfc8f9fe2150ef71746db2ff72dde3;counter=360;t=831077;kind=data,135
833565,83,923.400,-28,2.0,69763d65663638386637366333343866356566313262643230343133303966336632322c6d73673d396431383464663664393137356635393264656434363530613336366432366139363939326532326631633466333862383464323032643239623333656665642c636f756e7465723d3336312c743d3833333332382c6b696e643d64617461,iv=ef688f76c348f5ef12bd2041309f3f22;msg=9d184df6d9175f592ded4650a366d26a96992e22f1c4f38b84d202d29b33efed;counter=361;t=833328;kind=data,135
835816,83,923.400,-27,0.0,69763d65343061633239396262613664303663313630306661356362383765343733622c6d73673d653132303336653363366330343262356130663263646331396136306536336637633437663461626432303663346365333165633265343864636231623934382c636f756e7465723d3336322c743d3833353537392c6b696e643d64617461,iv=e40ac299bba6d06c1600fa5cb87e473b;msg=e12036e3c6c042b5a0f2cdc19a60e63f7c47f4abd206c4ce31ec2e48dcb1b948;counter=362;t=835579;kind=data,135
838067,83,923.400,-29,1.75,69763d36393939366239376133616631336632613935396335626234653435613663332c6d73673d326234336666303839663437393039613336303833303636663566613930363536663138313238613837333530633433363332636666333962346334323237612c636f756e7465723d3336332c743d3833373833302c6b696e643d64617461,iv=69996b97a3af13f2a959c5bb4e45a6c3;msg=2b43ff089f47909a36083066f5fa90656f18128a87350c43632cff39b4c4227a;counter=363;t=837830;kind=data,135
844820,84,923.200,-27,0.75,69763d61303239336565643062386564663935636138393038353662313163636465652c6d73673d666363626531366365396133333839663132356639363335666566306262393834646230323834623839626537633862663839663235623235373066646433662c636f756e7465723d3336362c743d3834343538302c6b696e643d64617461,iv=a0293eed0b8edf95ca890856b11ccdee;msg=fccbe16ce9a3389f125f9635fef0bb984db0284b89be7c8bf89f25b2570fdd3f;counter=366;t=844580;kind=data,135
847072,84,923.200,-27,0.5,69763d65323730303061333036336665663936376661353135643931313831373336392c6d73673d303566646364386639376361363833346239643332313331656332383034363733393635376233396638306465343238643564393162363266653263393332372c636f756e7465723d3336372c743d3834363833352c6b696e643d64617461,iv=e27000a3063fef967fa515d911817369;msg=05fdcd8f97ca6834b9d32131ec28046739657b39f80de428d5d91b62fe2c9327;counter=367;t=846835;kind=data,135
849323,84,923.200,-26,1.5,69763d65653730383939393036336637323637373464626436653639356638663161352c6d73673d613632343861346461643639333230363737333933613031363436366564613436393766323338376363363438346334393231393561623631633031376633322c636f756e7465723d3336382c743d3834393038362c6b696e643d64617461,iv=ee708999063f726774dbd6e695f8f1a5;msg=a6248a4dad69320677393a016466eda4697f2387cc6484c492195ab61c017f32;counter=368;t=849086;kind=data,135
851574,85,920.800,-27,9.25,69763d61626134643636373530306638346431616233646636386161373035666161332c6d73673d636237383739356335623536353564663635373536613465313863616331333937383433666430653039316231656263343435663436333037353034643166642c636f756e7465723d3336392c743d3835313333372c6b696e643d64617461,iv=aba4d667500f84d1ab3df68aa705faa3;msg=cb78795c5b5655df65756a4e18cac1397843fd0e091b1ebc445f46307504d1fd;counter=369;t=851337;kind=data,135
853825,85,920.800,-27,9.75,69763d35623561313162373631366663333865653166306463356261613532343637642c6d73673d386330343531326531636339633362653433663137613432616164383966323265303666643737353864356362663331393361633465626436343638326464612c636f756e7465723d3337302c743d3835333538382c6b696e643d64617461,iv=5b5a11b7616fc38ee1f0dc5baa52467d;msg=8c04512e1cc9c3be43f17a42aad89f22e06fd7758d5cbf3193ac4ebd64682dda;counter=370;t=853588;kind=data,135
856076,85,920.800,-28,9.75,69763d65666135613632303835336136663138656462386332386264666264616430612c6d73673d343763336361313531663963666365633239353761303130663230626464616565393230383135323035663935376661396234383061303135626239636364302c636f756e7465723d3337312c743d3835353833392c6b696e643d64617461,iv=efa5a620853a6f18edb8c28bdfbdad0a;msg=47c3ca151f9cfcec2957a010f20bddaee920815205f957fa9b480a015bb9ccd0;counter=371;t=855839;kind=data,135
858327,85,920.800,-27,9.75,69763d66626438356634326434376137616334636363643939373264393330363161362c6d73673d363463653034353530623438616633613731663166383162373062643361363634643735666437393862393432316138386633653832343665373139336363662c636f756e7465723d3337322c743d3835383039302c6b696e643d64617461,iv=fbd85f42d47a7ac4cccd9972d93061a6;msg=64ce04550b48af3a71f1f81b70bd3a664d75fd798b9421a88f3e8246e7193ccf;counter=372;t=858090;kind=data,135
860579,86,920.600,-28,9.5,69763d63663638323630633332356231336539366535643461326433356366363661352c6d73673d616639306330613166633034366431323261663866626564646233346339316138613465353061386434326438636537333631663861626631613365393865622c636f756e7465723d3337332c743d3836303334312c6b696e643d64617461,iv=cf68260c325b13e96e5d4a2d35cf66a5;msg=af90c0a1fc046d122af8fbeddb34c91a8a4e50a8d42d8ce7361f8abf1a3e98eb;counter=373;t=860341;kind=data,135
862830,86,920.600,-27,9.25,69763d65386264643333363435313830653432386236316637616563613730353937322c6d73673d653066393733623061343433633434376131363962303664346438363061353862666262396665316238643230333031663033633564396561326138646564362c636f756e7465723d3337342c743d3836323539332c6b696e643d64617461,iv=e8bdd33645180e428b61f7aeca705972;msg=e0f973b0a443c447a169b06d4d860a58bfbb9fe1b8d20301f03c5d9ea2a8ded6;counter=374;t=862593;kind=data,135
865082,86,920.600,-27,9.5,69763d63323733326665373132643332333239336564326536636630363632383433362c6d73673d646166386633656666373466363733646634663935353434356132313231633134633034626532653930653265643063323432373834656562646335616363632c636f756e7465723d3337352c743d3836343834342c6b696e643d64617461,iv=c2732fe712d323293ed2e6cf06628436;msg=daf8f3eff74f673df4f955445a2121c14c04be2e90e2ed0c242784eebdc5accc;counter=375;t=864844;kind=data,135
867333,86,920.600,-26,9.5,69763d65323731653761623966653334623439313032613834333163666432366564382c6d73673d316363623830616661306433353865643462333138383335373363396365623463376362383731343131353531363136303835623931373534653636313336642c636f756e7465723d3337362c743d3836373039362c6b696e643d64617461,iv=e271e7ab9fe34b49102a8431cfd26ed8;msg=1ccb80afa0d358ed4b31883573c9ceb4c7cb871411551616085b91754e66136d;counter=376;t=867096;kind=data,135
869584,86,920.600,-27,9.5,69763d37633134623339633335633136373463323764303634623430333263323961622c6d73673d376664333936343830333739653564303161326538643062653063663234666165343962643131326331653333376166633330333539643039653961653039662c636f756e7465723d3337372c743d3836393334372c6b696e643d64617461,iv=7c14b39c35c1674c27d064b4032c29ab;msg=7fd396480379e5d01a2e8d0be0cf24fae49bd112c1e337afc30359d09e9ae09f;counter=377;t=869347;kind=data,135
871836,87,921.200,-27,8.25,69763d34666566386664643330343763666639356663636431653062383866643133352c6d73673d666564666162613062663066383639386363653432633066643931623365653061323133653862373933633664663339363537316165323733363266313162372c636f756e7465723d3337382c743d3837313539382c6b696e643d64617461,iv=4fef8fdd3047cff95fccd1e0b88fd135;msg=fedfaba0bf0f8698cce42c0fd91b3ee0a213e8b793c6df396571ae27362f11b7;counter=378;t=871598;kind=data,135
874087,87,921.200,-27,9.25,69763d63666363633065646339326436646166653530383265383837646132346433302c6d73673d313938666639346362336631333239643234636561623730633639303834326465633630306636323461323066303334353964393161613266336332353365302c636f756e7465723d3337392c743d3837333834392c6b696e643d64617461,iv=cfccc0edc92d6dafe5082e887da24d30;msg=198ff94cb3f1329d24ceab70c690842dec600f624a20f03459d91aa2f3c253e0;counter=379;t=873849;kind=data,135
876338,87,921.200,-27,9.25,69763d33343037366536326166333431383031663065633536386561653062366138372c6d73673d623336366432646439306562346430663037366637623266306235623335386133373162336133633330363561303462333537613432643064373336383364652c636f756e7465723d3338302c743d3837363130312c6b696e643d64617461,iv=34076e62af341801f0ec568eae0b6a87;msg=b366d2dd90eb4d0f076f7b2f0b5b358a371b3a3c3065a04b357a42d0d73683de;counter=380;t=876101;kind=data,135
878590,87,921.200,-28,9.25,69763d30346364656236306331373431366466363166663136663036613535376331632c6d73673d353932366238313731626361623066623437303737346336326263363466373230366461643364373133353861363063376332353634386166633163623534652c636f756e7465723d3338312c743d3837383335322c6b696e643d64617461,iv=04cdeb60c17416df61ff16f06a557c1c;msg=5926b8171bcab0fb470774c62bc64f7206dad3d71358a60c7c25648afc1cb54e;counter=381;t=878352;kind=data,135
880841,88,921.000,-27,9.75,69763d62313030316161633633626338353634353831396461346366393763376535322c6d73673d633231653537643265616566396165343336633961633030616339373333363263316431356561643933346531383264343738633361356461653966313734342c636f756e7465723d3338322c743d3838303630332c6b696e643d64617461,iv=b1001aac63bc85645819da4cf97c7e52;msg=c21e57d2eaef9ae436c9ac00ac973362c1d15ead934e182d478c3a5dae9f1744;counter=382;t=880603;kind=data,135
883093,88,921.000,-27,9.0,69763d39623137353737636335636534366630396164366431386635663763643631312c6d73673d633866353538393431623630613966626630343432646333653030623563336632633931383334303537396563383633666434373939643063663733663734302c636f756e7465723d3338332c743d3838323835332c6b696e643d64617461,iv=9b17577cc5ce46f09ad6d18f5f7cd611;msg=c8f558941b60a9fbf0442dc3e00b5c3f2c918340579ec863fd4799d0cf73f740;counter=383;t=882853;kind=data,135
885345,88,921.000,-27,9.25,69763d39333433303365363863613166656532353864316530373631383531623261362c6d73673d356639383663646330636263363061366635666339633933343264333536633933646164663038396237626330326266386339356462383964323234613364302c636f756e7465723d3338342c743d3838353130352c6b696e643d64617461,iv=934303e68ca1fee258d1e0761851b2a6;msg=5f986cdc0cbc60a6f5fc9c9342d356c93dadf089b7bc02bf8c95db89d224a3d0;counter=384;t=885105;kind=data,135
887600,88,921.000,-28,9.75,69763d35633363353136643062656333363163383465353738323035346537653564382c6d73673d646664366430663033303836616261613735313636653866366663326362396564356532656565323233333736663431623635653137313236616338303237322c636f756e7465723d3338352c743d3838373335392c6b696e643d64617461,iv=5c3c516d0bec361c84e5782054e7e5d8;msg=dfd6d0f03086abaa75166e8f6fc2cb9ed5e2eee223376f41b65e17126ac80272;counter=385;t=887359;kind=data,135
889851,88,921.000,-27,9.5,69763d32646135346131666135303064386631653434353165636333336461343232622c6d73673d316138303530393134323939653138663962383238346664656138393661663739613262386364386239656539633736366536396262653366626663326263332c636f756e7465723d3338362c743d3838393631332c6b696e643d64617461,iv=2da54a1fa500d8f1e4451ecc33da422b;msg=1a8050914299e18f9b8284fdea896af79a2b8cd8b9ee9c766e69bbe3fbfc2bc3;counter=386;t=889613;kind=data,135
892103,89,921.600,-27,8.25,69763d64613530396632643563616465616133343430336562313961356335626432302c6d73673d643336373730366236326439303434316636623938633366356238303939353032386564623238343866373264396366393537643562636330356431396538302c636f756e7465723d3338372c743d3839313836352c6b696e643d64617461,iv=da509f2d5cadeaa34403eb19a5c5bd20;msg=d367706b62d90441f6b98c3f5b80995028edb2848f72d9cf957d5bcc05d19e80;counter=387;t=891865;kind=data,135
894354,89,921.600,-27,9.5,69763d63386438396638323266613235656236626530633161666130616135623266342c6d73673d646135656130383836386630383462653866633032373263343661633638323335323637376635363333316536643637303063626533363935666334663365312c636f756e7465723d3338382c743d3839343131362c6b696e643d64617461,iv=c8d89f822fa25eb6be0c1afa0aa5b2f4;msg=da5ea08868f084be8fc0272c46ac682352677f56331e6d6700cbe3695fc4f3e1;counter=388;t=894116;kind=data,135
896606,89,921.600,-27,9.5,69763d33666230346438623535623934303033346531386533666131316235356365322c6d73673d323134613635666230626131393238613139323737663839323933666136616233626430383537666131313038653263343637346561623463653432653461612c636f756e7465723d3338392c743d3839363336382c6b696e643d64617461,iv=3fb04d8b55b940034e18e3fa11b55ce2;msg=214a65fb0ba1928a19277f89293fa6ab3bd0857fa1108e2c4674eab4ce42e4aa;counter=389;t=896368;kind=data,135
898857,89,921.600,-27,9.0,69763d39613466373830393263303266353138343532666565663966353862666334322c6d73673d623666316631633733616536376535303938383834316535313837333331636361373531373835383761373261396437636363666639336265653063363466342c636f756e7465723d3339302c743d3839383631392c6b696e643d64617461,iv=9a4f78092c02f518452feef9f58bfc42;msg=b6f1f1c73ae67e50988841e5187331cca75178587a72a9d7cccff93bee0c64f4;counter=390;t=898619;kind=data,135
901109,90,921.400,-27,9.0,69763d30393331306637666137646239666637373437346362653566646638353136382c6d73673d623037363131353638636433306535326361313265326135653733353565386633343936626335333663663561363133383236666162323164333861353333612c636f756e7465723d3339312c743d3930303837312c6b696e643d64617461,iv=09310f7fa7db9ff77474cbe5fdf85168;msg=b07611568cd30e52ca12e2a5e7355e8f3496bc536cf5a613826fab21d38a533a;counter=391;t=900871;kind=data,135
903361,90,921.400,-27,8.5,69763d31633862303932663132653931623737646337623364363839383031383038642c6d73673d633331313263313466623638653934316164366231343537363532653739663365336334333935666339653732323837623661636339323366663563346461312c636f756e7465723d3339322c743d3930333132332c6b696e643d64617461,iv=1c8b092f12e91b77dc7b3d689801808d;msg=c3112c14fb68e941ad6b1457652e79f3e3c4395fc9e72287b6acc923ff5c4da1;counter=392;t=903123;kind=data,135
905613,90,921.400,-27,9.75,69763d30323939313063633664373638336136653338336161393131323863396133342c6d73673d363439373438626235613236306366616238303664303462626664316262316535343266633831336163643834333466366532373862383163366537383536372c636f756e7465723d3339332c743d3930353337352c6b696e643d64617461,iv=029910cc6d7683a6e383aa91128c9a34;msg=649748bb5a260cfab806d04bbfd1bb1e542fc813acd8434f6e278b81c6e78567;counter=393;t=905375;kind=data,135
907864,90,921.400,-27,8.75,69763d31633463333738353837353637636630633062656230363365343961353130322c6d73673d396663353236336435383031653864643636303933343062623733356233363735333738326165323435366439636533343564343337323938653030313361362c636f756e7465723d3339342c743d3930373632362c6b696e643d64617461,iv=1c4c378587567cf0c0beb063e49a5102;msg=9fc5263d5801e8dd6609340bb735b36753782ae2456d9ce345d437298e0013a6;counter=394;t=907626;kind=data,135
910116,90,921.400,-27,10.0,69763d35656561626239366431313065346566303333373361653936646138623934632c6d73673d386634376435613737343937376236346264663039326666393037663832303531376537616132636638323734646138313936316236346531636364366438312c636f756e7465723d3339352c743d3930393837382c6b696e643d64617461,iv=5eeabb96d110e4ef03373ae96da8b94c;msg=8f47d5a774977b64bdf092ff907f820517e7aa2cf8274da81961b64e1ccd6d81;counter=395;t=909878;kind=data,135
912368,91,923.400,-26,2.0,69763d66366432313830396339393837373438383232613834373730333837393364362c6d73673d356565653861363534396632313932343135626164356564623262313732386337366236326661373231363261653761396661643630303431633233643566382c636f756e7465723d3339362c743d3931323133302c6b696e643d64617461,iv=f6d21809c9987748822a8477038793d6;msg=5eee8a6549f2192415bad5edb2b1728c76b62fa72162ae7a9fad60041c23d5f8;counter=396;t=912130;kind=data,135
914620,91,923.400,-27,5.0,69763d35313962313963633337656630633731306233356232363036613632383137352c6d73673d386165663763333335643537326535316139666236383938383639306639633833356636326536386536393637316262623734623130373561623430313731372c636f756e7465723d3339372c743d3931343338312c6b696e643d64617461,iv=519b19cc37ef0c710b35b2606a628175;msg=8aef7c335d572e51a9fb68988690f9c835f62e68e69671bbb74b1075ab401717;counter=397;t=914381;kind=data,135
916871,91,923.400,-28,-0.25,69763d30616330643232313939343736626334386566343236666663356337356238382c6d73673d396536623238626333616263393762313163333836396161343663323061373539633133373730346434306266323865316163393530353366653431326462342c636f756e7465723d3339382c743d3931363633332c6b696e643d64617461,iv=0ac0d22199476bc48ef426ffc5c75b88;msg=9e6b28bc3abc97b11c3869aa46c20a759c137704d40bf28e1ac95053fe412db4;counter=398;t=916633;kind=data,135
919123,91,923.400,-28,-0.75,69763d34653661626264393632333965623365623730653636316233326566666338312c6d73673d363961366466326666616261326335333765303539313165366362313663323865333862346536343032653563613732336235303565356339376264623936642c636f756e7465723d3339392c743d3931383838352c6b696e643d64617461,iv=4e6abbd96239eb3eb70e661b32effc81;msg=69a6df2ffaba2c537e05911e6cb16c28e38b4e6402e5ca723b505e5c97bdb96d;counter=399;t=918885;kind=data,135
921375,92,923.200,-27,3.75,69763d63333664613666343734653630376435346534653239613164383830386137632c6d73673d666639313164393830626661656633663033363538363936643534343834323762323132313535626365656663323130303438626463393436633238333766662c636f756e7465723d3430302c743d3932313133372c6b696e643d64617461,iv=c36da6f474e607d54e4e29a1d8808a7c;msg=ff911d980bfaef3f03658696d5448427b212155bceefc210048bdc946c2837ff;counter=400;t=921137;kind=data,135
923627,92,923.200,-27,1.25,69763d65363837333136663737383061393838623131666131636136656633353663322c6d73673d383833363634393865303062353865663663333161643531303036356331623965633630343965643766653963633961383963656164666361633262643735652c636f756e7465723d3430312c743d3932333338392c6b696e643d64617461,iv=e687316f7780a988b11fa1ca6ef356c2;msg=88366498e00b58ef6c31ad510065c1b9ec6049ed7fe9cc9a89ceadfcac2bd75e;counter=401;t=923389;kind=data,135
925879,92,923.200,-27,1.75,69763d64343332653138383532393964386563323563303533613031636232303238332c6d73673d376662663837656535346135373365373261666235323738303465373062333234303935666136626366363433633236303737393935343830623663316565342c636f756e7465723d3430322c743d3932353634312c6b696e643d64617461,iv=d432e1885299d8ec25c053a01cb20283;msg=7fbf87ee54a573e72afb527804e70b324095fa6bcf643c26077995480b6c1ee4;counter=402;t=925641;kind=data,135
928131,92,923.200,-27,-0.25,69763d30613133666566343266626464383833323130663138613562613930643730342c6d73673d653131373864636632656535363538303634613138623135646438353233366162363366356234643261313033366162363835383530346465383964336462662c636f756e7465723d3430332c743d3932373839332c6b696e643d64617461,iv=0a13fef42fbdd883210f18a5ba90d704;msg=e1178dcf2ee5658064a18b15dd85236ab63f5b4d2a1036ab6858504de89d3dbf;counter=403;t=927893;kind=data,135
932635,93,920.800,-27,9.25,69763d65636134646239353963613437633965613736376334353231613935633332612c6d73673d386162363566333661653634353734353335343830613465333039396162643839656637623762626539363663343237353265656162326363356462626536302c636f756e7465723d3430352c743d3933323339372c6b696e643d64617461,iv=eca4db959ca47c9ea767c4521a95c32a;msg=8ab65f36ae64574535480a4e3099abd89ef7b7bbe966c42752eeab2cc5dbbe60;counter=405;t=932397;kind=data,135
934887,93,920.800,-27,9.5,69763d31633536353033346337636339336338303262656432646333623034666162662c6d73673d346433303038623962373131383339333530333239356231323663633036326332323034616332623839353037363139316534613630646336323738633137312c636f756e7465723d3430362c743d3933343634392c6b696e643d64617461,iv=1c565034c7cc93c802bed2dc3b04fabf;msg=4d3008b9b7118393503295b126cc062c2204ac2b895076191e4a60dc6278c171;counter=406;t=934649;kind=data,135
937140,93,920.800,-27,9.5,69763d33663930326239636264636536306631376236613964303639616338363461332c6d73673d623565313236363335616638386539326464636531396566653834663164353338633865336133323863373136623265303366646639643030303531306365312c636f756e7465723d3430372c743d3933363930312c6b696e643d64617461,iv=3f902b9cbdce60f17b6a9d069ac864a3;msg=b5e126635af88e92ddce19efe84f1d538c8e3a328c716b2e03fdf9d000510ce1;counter=407;t=936901;kind=data,135
939391,93,920.800,-27,8.5,69763d31343930343536313930363965623936343030613330666265663830383838382c6d73673d383363373864616464663564326433623466663536616565306364623537333430353064653038663562626533613038666237663131383333623062653434352c636f756e7465723d3430382c743d3933393135332c6b696e643d64617461,iv=149045619069eb96400a30fbef808888;msg=83c78daddf5d2d3b4ff56aee0cdb5734050de08f5bbe3a08fb7f11833b0be445;counter=408;t=939153;kind=data,135
941644,94,920.600,-26,9.25,69763d39393561393463623465623130336263333434623366666134346664643934302c6d73673d616562656131323835633933613464633831316139666264363739626561386663623630653931363733383736663031383735663662636133643966373632362c636f756e7465723d3430392c743d3934313430352c6b696e643d64617461,iv=995a94cb4eb103bc344b3ffa44fdd940;msg=aebea1285c93a4dc811a9fbd679bea8fcb60e91673876f01875f6bca3d9f7626;counter=409;t=941405;kind=data,135
943896,94,920.600,-27,9.5,69763d30363837303662633863343331626132613831643633656434306234396439382c6d73673d326266616434306165366635633234316562613232633632666165633034303233303133663334303465623332373766366463666334636166623265616261652c636f756e7465723d3431302c743d3934333635372c6b696e643d64617461,iv=068706bc8c431ba2a81d63ed40b49d98;msg=2bfad40ae6f5c241eba22c62faec04023013f3404eb3277f6dcfc4cafb2eabae;counter=410;t=943657;kind=data,135
946148,94,920.600,-26,9.5,69763d36363963353864663663663830373265353464346139306234656263386466312c6d73673d616364626633356664383934363937393832663263623661663532616361626262663233343361383632663033346436356139343961626230323030363833632c636f756e7465723d3431312c743d3934353930392c6b696e643d64617461,iv=669c58df6cf8072e54d4a90b4ebc8df1;msg=acdbf35fd894697982f2cb6af52acabbbf2343a862f034d65a949abb0200683c;counter=411;t=945909;kind=data,135
948400,94,920.600,-27,10.25,69763d65333436353137346466316363663264393338633136336638353931633430642c6d73673d323431336663623365373636383234666461303735346233333962626361626463636237653164626339653964616163653863653635643964316135666663642c636f756e7465723d3431322c743d3934383136312c6b696e643d64617461,iv=e3465174df1ccf2d938c163f8591c40d;msg=2413fcb3e766824fda0754b339bbcabdccb7e1dbc9e9daace8ce65d9d1a5ffcd;counter=412;t=948161;kind=data,135
950652,95,921.200,-27,9.5,69763d65363263386361353263326332636135306234643937643337346632333161612c6d73673d343633333264636466353131306235616266383865656165653932303764306266636538393539313066663132636438373561363964373864313735373839322c636f756e7465723d3431332c743d3935303431332c6b696e643d64617461,iv=e62c8ca52c2c2ca50b4d97d374f231aa;msg=46332dcdf5110b5abf88eeaee9207d0bfce895910ff12cd875a69d78d1757892;counter=413;t=950413;kind=data,135
952907,95,921.200,-26,8.5,69763d65313034333638373335643432363363633562626363333538376664616534352c6d73673d386131323762643362366539366165653630316138313838303362633561356238363837623062366664386265653838306635366366393836326637313637312c636f756e7465723d3431342c743d3935323636352c6b696e643d64617461,iv=e104368735d4263cc5bbcc3587fdae45;msg=8a127bd3b6e96aee601a818803bc5a5b8687b0b6fd8bee880f56cf9862f71671;counter=414;t=952665;kind=data,135
955162,95,921.200,-28,7.25,69763d39363165613933343930613938663930323365343837366536313531623666332c6d73673d346536386132663236623564376266653338313963373835643337316637343332656562336366383163336636376165383236366631646338396532343962352c636f756e7465723d3431352c743d3935343932332c6b696e643d64617461,iv=961ea93490a98f9023e4876e6151b6f3;msg=4e68a2f26b5d7bfe3819c785d371f7432eeb3cf81c3f67ae8266f1dc89e249b5;counter=415;t=954923;kind=data,135
957414,95,921.200,-27,8.75,69763d65393361373435616463346662336264383664653236303235666464656230302c6d73673d373766636336303431323464633834313465373438323063393566326664343834333136643561373034356661323134376361313038303435386332626233362c636f756e7465723d3431362c743d3935373137352c6b696e643d64617461,iv=e93a745adc4fb3bd86de26025fddeb00;msg=77fcc604124dc8414e74820c95f2fd484316d5a7045fa2147ca1080458c2bb36;counter=416;t=957175;kind=data,135
959667,95,921.200,-27,9.25,69763d66323532373966383438623030393034323239346538363363383164376466322c6d73673d616261333561333633323366663336313637623664333261393834613662386635343534316636393634623966353339613464303038613234656633373437322c636f756e7465723d3431372c743d3935393432372c6b696e643d64617461,iv=f25279f848b009042294e863c81d7df2;msg=aba35a36323ff36167b6d32a984a6b8f54541f6964b9f539a4d008a24ef37472;counter=417;t=959427;kind=data,135
961919,96,921.000,-27,9.5,69763d35653563353162383435386130326635653038353438356336383939323861392c6d73673d643963316130316464643366616261333963346364353663376131323065623438643834346661363239353436376637303463396136383462646631633864612c636f756e7465723d3431382c743d3936313638302c6b696e643d64617461,iv=5e5c51b8458a02f5e085485c689928a9;msg=d9c1a01ddd3faba39c4cd56c7a120eb48d844fa6295467f704c9a684bdf1c8da;counter=418;t=961680;kind=data,135
964171,96,921.000,-28,10.0,69763d38383733383837303930316130396563376631616265646233363561336537642c6d73673d333766663834346433323834336536303361393836633037303036336434623662613066363334346664323735383461333538633639613664363830376139622c636f756e7465723d3431392c743d3936333933322c6b696e643d64617461,iv=88738870901a09ec7f1abedb365a3e7d;msg=37ff844d32843e603a986c070063d4b6ba0f6344fd27584a358c69a6d6807a9b;counter=419;t=963932;kind=data,135
966423,96,921.000,-27,9.25,69763d37653563626662316535353835346533663834313161373633396435656637342c6d73673d386165353032653265643565616239333234393233626634656665386438396133306264326135336433383236346231636638303461313336613232346132622c636f756e7465723d3432302c743d3936363138342c6b696e643d64617461,iv=7e5cbfb1e55854e3f8411a7639d5ef74;msg=8ae502e2ed5eab9324923bf4efe8d89a30bd2a53d38264b1cf804a136a224a2b;counter=420;t=966184;kind=data,135
968676,96,921.000,-28,9.5,69763d35383038623737633766346264626533363866323566336633663733656263332c6d73673d363665396133616365656636646538386664663735626231313461303733366236326137666265343537636465333963343730303233393833646334386334652c636f756e7465723d3432312c743d3936383433372c6b696e643d64617461,iv=5808b77c7f4bdbe368f25f3f3f73ebc3;msg=66e9a3aceef6de88fdf75bb114a0736b62a7fbe457cde39c470023983dc48c4e;counter=421;t=968437;kind=data,135
970928,97,921.600,-28,9.75,69763d35316232646239316165636262343263353137363131383235353865346433322c6d73673d396433613133393234663637636438363832643766656632366636616437316366623638636630646339346163353836303932343066383163366662393236312c636f756e7465723d3432322c743d3937303638392c6b696e643d64617461,iv=51b2db91aecbb42c51761182558e4d32;msg=9d3a13924f67cd8682d7fef26f6ad71cfb68cf0dc94ac58609240f81c6fb9261;counter=422;t=970689;kind=data,135
973181,97,921.600,-28,9.0,69763d39343561323465383935613733396137646161343861643334373165383666332c6d73673d653864396131393931663233656234613939366534366434666332613034633934353533363161383336326663663761626465623832323839613035323361612c636f756e7465723d3432332c743d3937323934312c6b696e643d64617461,iv=945a24e895a739a7daa48ad3471e86f3;msg=e8d9a1991f23eb4a996e46d4fc2a04c9455361a8362fcf7abdeb82289a0523aa;counter=423;t=972941;kind=data,135
975433,97,921.600,-27,10.0,69763d39366639623961346538353938623735666338306139336434623534353632322c6d73673d313561356134323563353666373434353765663862636239663431376162336532373161303861616430383966613534613762626232323035656636326561632c636f756e7465723d3432342c743d3937353139332c6b696e643d64617461,iv=96f9b9a4e8598b75fc80a93d4b545622;msg=15a5a425c56f74457ef8bcb9f417ab3e271a08aad089fa54a7bbb2205ef62eac;counter=424;t=975193;kind=data,135
977685,97,921.600,-27,8.0,69763d64376461633432333563353337363439306132383532373235303834333437352c6d73673d323530653966633131636236663137356665623933626234383565653861326337623336303364386238663535393833363164383432663534346439656632632c636f756e7465723d3432352c743d3937373434362c6b696e643d64617461,iv=d7dac4235c5376490a28527250843475;msg=250e9fc11cb6f175feb93bb485ee8a2c7b3603d8b8f5598361d842f544d9ef2c;counter=425;t=977446;kind=data,135
979939,97,921.600,-28,9.0,69763d35353537343034376561666130353230336261323464643061633033316465342c6d73673d306637363630646166343861643135666361343039613834393163323833653939313766613861623964616563666431666235366663376662343864653931342c636f756e7465723d3432362c743d3937393639382c6b696e643d64617461,iv=55574047eafa05203ba24dd0ac031de4;msg=0f7660daf48ad15fca409a8491c283e9917fa8ab9daecfd1fb56fc7fb48de914;counter=426;t=979698;kind=data,135
982190,98,921.400,-28,9.0,69763d37343231353566616636313866356430363966656166316463343535326361662c6d73673d666436653562366639636661396461633632343062626135356262363261623234333133383035373432316263363266333735326530323665393738366461312c636f756e7465723d3432372c743d3938313935312c6b696e643d64617461,iv=742155faf618f5d069feaf1dc4552caf;msg=fd6e5b6f9cfa9dac6240bba55bb62ab243138057421bc62f3752e026e9786da1;counter=427;t=981951;kind=data,135
984443,98,921.400,-27,9.5,69763d66326263316638623331646630633764393564656138613732646534386235382c6d73673d613236373830616230316230646464653934306362666330623938646162353363346138373732646666363436356533366531623263326462626230336237362c636f756e7465723d3432382c743d3938343230332c6b696e643d64617461,iv=f2bc1f8b31df0c7d95dea8a72de48b58;msg=a26780ab01b0ddde940cbfc0b98dab53c4a8772dff6465e36e1b2c2dbbb03b76;counter=428;t=984203;kind=data,135
986696,98,921.400,-27,9.5,69763d64646335326564396166366536356635393737366165323235663837656365392c6d73673d316633623338396631346631613265386530613931353566363639633237323130656538386433313866353762323331326131373435363333656539613438322c636f756e7465723d3432392c743d3938363435362c6b696e643d64617461,iv=ddc52ed9af6e65f59776ae225f87ece9;msg=1f3b389f14f1a2e8e0a9155f669c27210ee88d318f57b2312a1745633ee9a482;counter=429;t=986456;kind=data,135
988948,98,921.400,-27,9.5,69763d37663132656431363534666138623631623233346437313136613361393037622c6d73673d656530636531303433366230303634636434303730343764336536393239316638313361343434333661336434326565393733363035613166346361313362312c636f756e7465723d3433302c743d3938383730382c6b696e643d64617461,iv=7f12ed1654fa8b61b234d7116a3a907b;msg=ee0ce10436b0064cd407047d3e69291f813a44436a3d42ee973605a1f4ca13b1;counter=430;t=988708;kind=data,135
991202,99,923.400,-28,-0.75,69763d36333836326532303136363836613361313962653632323436326135323564362c6d73673d343737626635353462343230396636363135376262333031313739646230313636343636393664653365363764363233363561396337626163666139396464342c636f756e7465723d3433312c743d3939303936312c6b696e643d64617461,iv=63862e2016686a3a19be622462a525d6;msg=477bf554b4209f66157bb301179db016646696de3e67d62365a9c7bacfa99dd4;counter=431;t=990961;kind=data,135
995711,99,923.400,-28,3.25,69763d33633066366666623438653863613838616133626136633965396332323839352c6d73673d333666316231333233363561343362633134656434656563356461326330323737346531333635353866646631346133633734663162356361323231633231332c636f756e7465723d3433332c743d3939353437312c6b696e643d64617461,iv=3c0f6ffb48e8ca88aa3ba6c9e9c22895;msg=36f1b132365a43bc14ed4eec5da2c02774e136558fdf14a3c74f1b5ca221c213;counter=433;t=995471;kind=data,135
997964,99,923.400,-27,1.0,69763d61376133316431396634323538343736316438366630316234653162333032362c6d73673d636133626135613434303663313931363763363735656164646364643432346462386436316239366432666634303439396235666634323264663664393530342c636f756e7465723d3433342c743d3939373732342c6b696e643d64617461,iv=a7a31d19f42584761d86f01b4e1b3026;msg=ca3ba5a4406c19167c675eaddcdd424db8d61b96d2ff40499b5ff422df6d9504;counter=434;t=997724;kind=data,135
1000217,99,923.400,-28,-2.5,69763d37633739373535346532633738636463623138623438336161303731333132372c6d73673d333562396134646461663434343536353163343633666233633833386434636533383166303633653933643433376163303936376464363936313936323961332c636f756e7465723d3433352c743d3939393937372c6b696e643d64617461,iv=7c797554e2c78cdcb18b483aa0713127;msg=35b9a4ddaf4445651c463fb3c838d4ce381f063e93d437ac0967dd69619629a3;counter=435;t=999977;kind=data,135
1002470,100,923.200,-28,2.5,69763d61633138333633333361333962653561616537643133636362323131363832652c6d73673d346639343439306161383939643738363866313730306264353731616334623532383866376235646337623965323638643833613334636233323665376165362c636f756e7465723d3433362c743d313030323233302c6b696e643d64617461,iv=ac1836333a39be5aae7d13ccb211682e;msg=4f94490aa899d7868f1700bd571ac4b5288f7b5dc7b9e268d83a34cb326e7ae6;counter=436;t=1002230;kind=data,136
1004723,100,923.200,-27,3.0,69763d62393038363664653363366662376665396665656432626563303261313235662c6d73673d626639366663366336333465313335373136636239386635613737383736333061313533643863393661346231646438626266313461653136323163393964342c636f756e7465723d3433372c743d313030343438332c6b696e643d64617461,iv=b90866de3c6fb7fe9feed2bec02a125f;msg=bf96fc6c634e135716cb98f5a7787630a153d8c96a4b1dd8bbf14ae1621c99d4;counter=437;t=1004483;kind=data,136
1006976,100,923.200,-27,4.75,69763d64373064646432643336373530373039373465343331336231303062656430382c6d73673d626135636237393338393735656361363237653930363634613533393962396134303461323866383764376164626131643231636238396439653639653835632c636f756e7465723d3433382c743d313030363733352c6b696e643d64617461,iv=d70ddd2d3675070974e4313b100bed08;msg=ba5cb7938975eca627e90664a5399b9a404a28f87d7adba1d21cb89d9e69e85c;counter=438;t=1006735;kind=data,136
1009229,100,923.200,-27,1.5,69763d37386138303532633834643435643133383239323564383538326337306133302c6d73673d656664633030303432663834383230623739393337316362396130623237633836633530303363616233633066626431363462356633313732346266363130322c636f756e7465723d3433392c743d313030383938392c6b696e643d64617461,iv=78a8052c84d45d1382925d8582c70a30;msg=efdc00042f84820b799371cb9a0b27c86c5003cab3c0fbd164b5f31724bf6102;counter=439;t=1008989;kind=data,136
1011482,101,920.800,-28,10.0,69763d64646638393833346663336337666332353065393938633965626130313365312c6d73673d333766303666336264383533373935316163303666306137333334303364316263373763383533386233373134663363316236633665616162646265386462362c636f756e7465723d3434302c743d313031313234322c6b696e643d64617461,iv=ddf89834fc3c7fc250e998c9eba013e1;msg=37f06f3bd8537951ac06f0a733403d1bc77c8538b3714f3c1b6c6eaabdbe8db6;counter=440;t=1011242;kind=data,136
1013735,101,920.800,-27,9.75,69763d66646134623065643663663762663766356139346230306366326162653661652c6d73673d356639666232316261643336373663323939313838383365633132316435386132333865626230623162623330386538326563646661386538616166643665332c636f756e7465723d3434312c743d313031333439352c6b696e643d64617461,iv=fda4b0ed6cf7bf7f5a94b00cf2abe6ae;msg=5f9fb21bad3676c29918883ec121d58a238ebb0b1bb308e82ecdfa8e8aafd6e3;counter=441;t=1013495;kind=data,136
1015988,101,920.800,-27,9.25,69763d30636439633738316139346366333538663565386131356330346536656363312c6d73673d363032333537363462393063333161366637313734643732323766363237336561376264656336666630313433613132353532636137643066663437643066662c636f756e7465723d3434322c743d313031353734372c6b696e643d64617461,iv=0cd9c781a94cf358f5e8a15c04e6ecc1;msg=60235764b90c31a6f7174d7227f6273ea7bdec6ff0143a12552ca7d0ff47d0ff;counter=442;t=1015747;kind=data,136
1018243,101,920.800,-26,9.5,69763d65303765316339343164396464656363323366393036663934373133663365322c6d73673d633439373435336564333039306334363734653430396531373761343031353061656435343137626666303832643362363434363864373363643232643237652c636f756e7465723d3434332c743d313031383030332c6b696e643d64617461,iv=e07e1c941d9ddecc23f906f94713f3e2;msg=c497453ed3090c4674e409e177a40150aed5417bff082d3b64468d73cd22d27e;counter=443;t=1018003;kind=data,136
1020496,102,920.600,-27,9.25,69763d32653565333332396666396630343265626436376664666164306630613935362c6d73673d363863393161353135633537313537393236366235646137353230326162346532373462653135633538356665636366643536393236313933653132636535362c636f756e7465723d3434342c743d313032303235362c6b696e643d64617461,iv=2e5e3329ff9f042ebd67fdfad0f0a956;msg=68c91a515c571579266b5da75202ab4e274be15c585feccfd56926193e12ce56;counter=444;t=1020256;kind=data,136
1022749,102,920.600,-27,9.75,69763d32333661396462303065616234663437326565393932616165313439383338612c6d73673d353836643939356363333434316539343433666239326566343930346536323635396637393865346330613935373165393032383739313834623938653862612c636f756e7465723d3434352c743d313032323530392c6b696e643d64617461,iv=236a9db00eab4f472ee992aae149838a;msg=586d995cc3441e9443fb92ef4904e62659f798e4c0a9571e902879184b98e8ba;counter=445;t=1022509;kind=data,136
1025002,102,920.600,-27,10.5,69763d31343131623730346232613865663239333038343231373332386333633934622c6d73673d653366306430343632343734376239393030636238353231383262303235316435663363373535343732643230623461356538303864666465663965663661322c636f756e7465723d3434362c743d313032343736322c6b696e643d64617461,iv=1411b704b2a8ef293084217328c3c94b;msg=e3f0d04624747b9900cb852182b0251d5f3c755472d20b4a5e808dfdef9ef6a2;counter=446;t=1024762;kind=data,136
1027255,102,920.600,-26,9.5,69763d61346334623930666163663436363932386261353031343635653637343031662c6d73673d326364366532396438313130616338613064343030396364386232363561663930363130306563616535666538653134373838636635646237623139346665622c636f756e7465723d3434372c743d313032373031352c6b696e643d64617461,iv=a4c4b90facf466928ba501465e67401f;msg=2cd6e29d8110ac8a0d4009cd8b265af906100ecae5fe8e14788cf5db7b194feb;counter=447;t=1027015;kind=data,136
1029509,102,920.600,-27,10.0,69763d66356538366337316262666664326637373234323462643632376330363635372c6d73673d346663316330393536366135323466323861343731373235383436653935343037623836623663303837353662643136313836373030633865363933616632362c636f756e7465723d3434382c743d313032393236382c6b696e643d64617461,iv=f5e86c71bbffd2f772424bd627c06657;msg=4fc1c09566a524f28a471725846e95407b86b6c08756bd16186700c8e693af26;counter=448;t=1029268;kind=data,136
1031762,103,921.200,-27,10.0,69763d65636434656232336132393739303639316433666538363666306263333661322c6d73673d336230313165373530646266306637346531333533663534396433373038656130633637316630663333653037353739626330616262656330646561336131622c636f756e7465723d3434392c743d313033313532312c6b696e643d64617461,iv=ecd4eb23a29790691d3fe866f0bc36a2;msg=3b011e750dbf0f74e1353f549d3708ea0c671f0f33e07579bc0abbec0dea3a1b;counter=449;t=1031521;kind=data,136
1034015,103,921.200,-27,8.75,69763d65326439363234323738363530616430666131316336646339613033313061382c6d73673d653765343430333235343363393162656438613563653437353537623463383031366463336638386363653861663136336362313164636433383634336636362c636f756e7465723d3435302c743d313033333737342c6b696e643d64617461,iv=e2d9624278650ad0fa11c6dc9a0310a8;msg=e7e44032543c91bed8a5ce47557b4c8016dc3f88cce8af163cb11dcd38643f66;counter=450;t=1033774;kind=data,136
1036271,103,921.200,-27,9.0,69763d64663138653963336138316162363232313134636366336166396439353932332c6d73673d626339396633343965663362326131623736303565613436336630643638653661396230303866393437663931363632623432346634663762346265616433622c636f756e7465723d3435312c743d313033363032382c6b696e643d64617461,iv=df18e9c3a81ab622114ccf3af9d95923;msg=bc99f349ef3b2a1b7605ea463f0d68e6a9b008f947f91662b424f4f7b4bead3b;counter=451;t=1036028;kind=data,136
1038527,103,921.200,-26,9.5,69763d32633039613432376366623033353434343538356531356461316633383734302c6d73673d626637626239373335663735613864363763663066343466383835333166636232383438373930616265383762386630616436663438356465636663626164612c636f756e7465723d3435322c743d313033383238362c6b696e643d64617461,iv=2c09a427cfb035444585e15da1f38740;msg=bf7bb9735f75a8d67cf0f44f88531fcb2848790abe87b8f0ad6f485decfcbada;counter=452;t=1038286;kind=data,136
1040780,104,921.000,-27,9.75,69763d33396635356161343535343331376463643935313239336164386265396364612c6d73673d363537313739383064353039313536373236373265643961613537646338373136386631663365613665356635396332346331643763373131633135346434352c636f756e7465723d3435332c743d313034303533392c6b696e643d64617461,iv=39f55aa4554317dcd951293ad8be9cda;msg=65717980d50915672672ed9aa57dc87168f1f3ea6e5f59c24c1d7c711c154d45;counter=453;t=1040539;kind=data,136
1043033,104,921.000,-26,10.25,69763d39386530613263373539336231373735636162393731353930303939363662342c6d73673d336431646138633065633333613535346230663466663336353565303965613739316630623639663864656137323837616139656665643737343963336364352c636f756e7465723d3435342c743d313034323739322c6b696e643d64617461,iv=98e0a2c7593b1775cab97159009966b4;msg=3d1da8c0ec33a554b0f4ff3655e09ea791f0b69f8dea7287aa9efed7749c3cd5;counter=454;t=1042792;kind=data,136
1045287,104,921.000,-28,9.75,69763d31373734386533666231343738376464393330643139616466353933363261652c6d73673d343365623736383966326262643962643730366635386538303934633863613538313733303335626137633438613038313834393831643664643664366436612c636f756e7465723d3435352c743d313034353034362c6b696e643d64617461,iv=17748e3fb14787dd930d19adf59362ae;msg=43eb7689f2bbd9bd706f58e8094c8ca58173035ba7c48a08184981d6dd6d6d6a;counter=455;t=1045046;kind=data,136
1047540,104,921.000,-27,9.25,69763d65356534326263303835333930356264643765363035663365653165623937642c6d73673d346564396335366162643539363338643365616262303133396335306164396166613033663836663837333130323131663766373233653330363764366537382c636f756e7465723d3435362c743d313034373239392c6b696e643d64617461,iv=e5e42bc0853905bdd7e605f3ee1eb97d;msg=4ed9c56abd59638d3eabb0139c50ad9afa03f86f87310211f7f723e3067d6e78;counter=456;t=1047299;kind=data,136
1049794,104,921.000,-27,9.5,69763d66666661376462666561363336656338616532316264656464636435386338332c6d73673d633764373861363364623539386130386434376234633538613331306338633962383965333135366565313461626436303934313763666462373639396230612c636f756e7465723d3435372c743d313034393535322c6b696e643d64617461,iv=fffa7dbfea636ec8ae21bdeddcd58c83;msg=c7d78a63db598a08d47b4c58a310c8c9b89e3156ee14abd609417cfdb7699b0a;counter=457;t=1049552;kind=data,136
1052047,105,921.600,-27,10.0,69763d63303333356561383064623136633962303165363561343561323734316638612c6d73673d663065313133633661333930653466306635313438313365613130333066306432613230333736366564353236353030363861366139326164306465383135642c636f756e7465723d3435382c743d313035313830362c6b696e643d64617461,iv=c0335ea80db16c9b01e65a45a2741f8a;msg=f0e113c6a390e4f0f514813ea1030f0d2a203766ed52650068a6a92ad0de815d;counter=458;t=1051806;kind=data,136
1054303,105,921.600,-28,8.25,69763d37653564346433356264343061353731326163326438353861333761313537622c6d73673d326132353262376662363437366463323038386464343565343537323861623831656561353938323164393466356461313137343230303361313039393736342c636f756e7465723d3435392c743d313035343036322c6b696e643d64617461,iv=7e5d4d35bd40a5712ac2d858a37a157b;msg=2a252b7fb6476dc2088dd45e45728ab81eea59821d94f5da11742003a1099764;counter=459;t=1054062;kind=data,136
1056556,105,921.600,-27,7.5,69763d61396266643730613930373864383035343165353466313966393831383636302c6d73673d613030356631643366643435333532333639376637373265336135363135623534636130306234646331626333346562316566663535663965646632646138652c636f756e7465723d3436302c743d313035363331352c6b696e643d64617461,iv=a9bfd70a9078d80541e54f19f9818660;msg=a005f1d3fd453523697f772e3a5615b54ca00b4dc1bc34eb1eff55f9edf2da8e;counter=460;t=1056315;kind=data,136
1058810,105,921.600,-27,8.5,69763d64386538356536366363643537323832356233393533663133633431313334352c6d73673d306261326666316138366430636436623636313731353936633365396235306130623035303261623762666432383137306431376235353137616435323262642c636f756e7465723d3436312c743d313035383536392c6b696e643d64617461,iv=d8e85e66ccd572825b3953f13c411345;msg=0ba2ff1a86d0cd6b66171596c3e9b50a0b0502ab7bfd28170d17b5517ad522bd;counter=461;t=1058569;kind=data,136
1061063,106,921.400,-27,9.75,69763d66326439353137613239653161376364363263333632643466396363326139652c6d73673d303933336466306232323536386133316663376561653834323939373061313730393764353537663531393430326664316236333032653961613137396439612c636f756e7465723d3436322c743d313036303832322c6b696e643d64617461,iv=f2d9517a29e1a7cd62c362d4f9cc2a9e;msg=0933df0b22568a31fc7eae8429970a17097d557f519402fd1b6302e9aa179d9a;counter=462;t=1060822;kind=data,136
1063317,106,921.400,-27,9.0,69763d32633435633336323133303665366464353834613566353164633462386238342c6d73673d613466626233333831303632303839323761363438323061653430663730313939356532656264666639373530343937353039323033313639353035653335342c636f756e7465723d3436332c743d313036333037362c6b696e643d64617461,iv=2c45c3621306e6dd584a5f51dc4b8b84;msg=a4fbb338106208927a64820ae40f701995e2ebdff9750497509203169505e354;counter=463;t=1063076;kind=data,136
1065570,106,921.400,-26,9.75,69763d32663461643161613432613633313065663731336163643634386638363361382c6d73673d343564346464333935616164383666653331303834333836653232626663326438333266396166333432396435353432383331353034626561363262656665312c636f756e7465723d3436342c743d313036353332392c6b696e643d64617461,iv=2f4ad1aa42a6310ef713acd648f863a8;msg=45d4dd395aad86fe31084386e22bfc2d832f9af3429d5542831504bea62befe1;counter=464;t=1065329;kind=data,136
1067827,106,921.400,-27,9.5,69763d39336139323939366537303934643864633065326365313439356337636634612c6d73673d636337303336643763633163633366353032316362313932393066656566653736336333326238663036613437353863326132366639363536616165393630332c636f756e7465723d3436352c743d313036373538332c6b696e643d64617461,iv=93a92996e7094d8dc0e2ce1495c7cf4a;msg=cc7036d7cc1cc3f5021cb19290feefe763c32b8f06a4758c2a26f9656aae9603;counter=465;t=1067583;kind=data,136
1070083,106,921.400,-28,9.5,69763d65336332316462383734373739383362663235356232623736343731373166382c6d73673d373530643531316563653931303635313739346137376437653061323464623033376462613964653136373065313938383166303134376537306633396366632c636f756e7465723d3436362c743d313036393834312c6b696e643d64617461,iv=e3c21db87477983bf255b2b7647171f8;msg=750d511ece910651794a77d7e0a24db037dba9de1670e19881f0147e70f39cfc;counter=466;t=1069841;kind=data,136
1072336,107,923.400,-27,0.25,69763d34643336646461393035343764323933363764396565613937343638666136322c6d73673d613264363265653962613434343131636134343463326262313633346231656632353663313035363163323234396234396263653761653938373633306430662c636f756e7465723d3436372c743d313037323039352c6b696e643d64617461,iv=4d36dda90547d29367d9eea97468fa62;msg=a2d62ee9ba44411ca444c2bb1634b1ef256c10561c2249b49bce7ae987630d0f;counter=467;t=1072095;kind=data,136
1074590,107,923.400,-27,3.25,69763d62396561363133343330653566393832346231386662343164376238306136362c6d73673d646662623631373434396332366530643832353936393737636265393839616232666331326438373963623431323337383932356633313661636535323534362c636f756e7465723d3436382c743d313037343334392c6b696e643d64617461,iv=b9ea613430e5f9824b18fb41d7b80a66;msg=dfbb617449c26e0d82596977cbe989ab2fc12d879cb412378925f316ace52546;counter=468;t=1074349;kind=data,136
1081354,108,923.200,-27,4.5,69763d65313235313730613763303961303133313330333063336262633464663464382c6d73673d383638393930636639383836316361616162316138373738393763643064326338393763363633373265353335343861363036343334353135316235636331632c636f756e7465723d3437312c743d313038313131302c6b696e643d64617461,iv=e125170a7c09a01313030c3bbc4df4d8;msg=868990cf98861caaab1a877897cd0d2c897c66372e53548a6064345151b5cc1c;counter=471;t=1081110;kind=data,136
1083611,108,923.200,-30,3.5,69763d39373164333262323739396463633935383230626335633065616638303838352c6d73673d346430323030633332366235373239663738303335363937326635383731383933346131653762613336326266636666303839363633623564663035333130612c636f756e7465723d3437322c743d313038333336392c6b696e643d64617461,iv=971d32b2799dcc95820bc5c0eaf80885;msg=4d0200c326b5729f780356972f58718934a1e7ba362bfcff089663b5df05310a;counter=472;t=1083369;kind=data,136
1085864,108,923.200,-27,-0.25,69763d37323734306465353833336531346366396233383733303233303537343934392c6d73673d343364653663396635666566666339633337626332363866646265343265303863373537623266306232356465353164383031626264333239663761306637352c636f756e7465723d3437332c743d313038353632332c6b696e643d64617461,iv=72740de5833e14cf9b38730230574949;msg=43de6c9f5feffc9c37bc268fdbe42e08c757b2f0b25de51d801bbd329f7a0f75;counter=473;t=1085623;kind=data,136
1088118,108,923.200,-27,3.25,69763d61643335633761636466376161383464313737303436396665343461343535382c6d73673d376630346235623036366138353362373439616432383965396139333561336366376663313333336161303331626561303763623830613963643832646162622c636f756e7465723d3437342c743d313038373837362c6b696e643d64617461,iv=ad35c7acdf7aa84d1770469fe44a4558;msg=7f04b5b066a853b749ad289e9a935a3cf7fc1333aa031bea07cb80a9cd82dabb;counter=474;t=1087876;kind=data,136
1092626,109,920.800,-26,10.0,69763d38633234366539643130666136373835613836646638316562326366643561312c6d73673d643834663031336130393431373936646231393561616465666537633832316135633835623362643838616536623162373961356436393862383663333231322c636f756e7465723d3437362c743d313039323338342c6b696e643d64617461,iv=8c246e9d10fa6785a86df81eb2cfd5a1;msg=d84f013a0941796db195aadefe7c821a5c85b3bd88ae6b1b79a5d698b86c3212;counter=476;t=1092384;kind=data,136
1094882,109,920.800,-26,9.5,69763d30343061646438623835313235373937316336636238313866326335386461622c6d73673d656436653430666664643639653631613536643565633262653532346431653632366231373335643134643062343236666262663864656237663064636339652c636f756e7465723d3437372c743d313039343634302c6b696e643d64617461,iv=040add8b851257971c6cb818f2c58dab;msg=ed6e40ffdd69e61a56d5ec2be524d1e626b1735d14d0b426fbbf8deb7f0dcc9e;counter=477;t=1094640;kind=data,136
1097136,109,920.800,-27,10.0,69763d64623835343531313766663733623936616630393234366265306332383531342c6d73673d373139316561353561623964346366386630636635316439333466616137386532323637393264663063303833643935323265633633353762323165323737652c636f756e7465723d3437382c743d313039363839342c6b696e643d64617461,iv=db8545117ff73b96af09246be0c28514;msg=7191ea55ab9d4cf8f0cf51d934faa78e226792df0c083d9522ec6357b21e277e;counter=478;t=1096894;kind=data,136
1099390,109,920.800,-27,10.25,69763d66346465373661333462623039613333656433373337656562663331303463302c6d73673d323332643538303163303066373533363035346235376562386239663733393133623638643464373962613333623663616438653439653939303930303365652c636f756e7465723d3437392c743d313039393134392c6b696e643d64617461,iv=f4de76a34bb09a33ed3737eebf3104c0;msg=232d5801c00f7536054b57eb8b9f73913b68d4d79ba33b6cad8e49e9909003ee;counter=479;t=1099149;kind=data,136
1101645,110,920.600,-27,9.75,69763d37633437626662303730666531376132353030393939326162656238353561322c6d73673d623937653864633937633136363163356637656131346266613265363837613334653436313337616233333936366234303235306161333038636162626565372c636f756e7465723d3438302c743d313130313430322c6b696e643d64617461,iv=7c47bfb070fe17a25009992abeb855a2;msg=b97e8dc97c1661c5f7ea14bfa2e687a34e46137ab33966b40250aa308cabbee7;counter=480;t=1101402;kind=data,136
1103898,110,920.600,-27,9.5,69763d37343564373432323664343637346332376230363039666466653230333739652c6d73673d376434626233306635633232393434653336376230386161646363383030306633306539666234383234323263626231653064363139663337633733383030662c636f756e7465723d3438312c743d313130333635362c6b696e643d64617461,iv=745d74226d4674c27b0609fdfe20379e;msg=7d4bb30f5c22944e367b08aadcc8000f30e9fb482422cbb1e0d619f37c73800f;counter=481;t=1103656;kind=data,136
1106155,110,920.600,-26,9.75,69763d61303734636631363634613833626637653962323530306230383736356336662c6d73673d346664303263393264633830373665323133646633333434373536306331626532306565353266376531613661666430393139633932353664323763333137342c636f756e7465723d3438322c743d313130353931332c6b696e643d64617461,iv=a074cf1664a83bf7e9b2500b08765c6f;msg=4fd02c92dc8076e213df33447560c1be20ee52f7e1a6afd0919c9256d27c3174;counter=482;t=1105913;kind=data,136
1108409,110,920.600,-26,9.75,69763d66353765366231373234666634396466623063636235353238666365663638662c6d73673d323434363135343266366134643733353139646131383238363434323661303034376662636636373764346363316130336334646236623934363464396639652c636f756e7465723d3438332c743d313130383136372c6b696e643d64617461,iv=f57e6b1724ff49dfb0ccb5528fcef68f;msg=24461542f6a4d73519da182864426a0047fbcf677d4cc1a03c4db6b9464d9f9e;counter=483;t=1108167;kind=data,136
1110663,111,921.200,-27,10.5,69763d66333739323662613264343730343839376337393436633562353533393836362c6d73673d306534356261366639613836626536383932663961626464326561373837333535383930393362333435363464346265623439653033303561616166313263612c636f756e7465723d3438342c743d313131303432312c6b696e643d64617461,iv=f37926ba2d4704897c7946c5b5539866;msg=0e45ba6f9a86be6892f9abdd2ea78735589093b34564d4beb49e0305aaaf12ca;counter=484;t=1110421;kind=data,136
1112917,111,921.200,-27,8.0,69763d31663139346166383962656536343462396137386234653363623066356338392c6d73673d366435636266616133356238656566363134383138633038303433653531636137666533383765623438646230356136333465323161306532303034386266612c636f756e7465723d3438352c743d313131323637352c6b696e643d64617461,iv=1f194af89bee644b9a78b4e3cb0f5c89;msg=6d5cbfaa35b8eef614818c08043e51ca7fe387eb48db05a634e21a0e20048bfa;counter=485;t=1112675;kind=data,136
1115171,111,921.200,-28,7.5,69763d64306639666530623163343736313730326431666338333964386664363265322c6d73673d663061393633316530613134353665653264623538323465306430633234663466363462393430626132343463373136313531366337376461666332626330392c636f756e7465723d3438362c743d313131343932392c6b696e643d64617461,iv=d0f9fe0b1c4761702d1fc839d8fd62e2;msg=f0a9631e0a1456ee2db5824e0d0c24f4f64b940ba244c7161516c77dafc2bc09;counter=486;t=1114929;kind=data,136
1117428,111,921.200,-27,11.0,69763d36666665306333333538366337343664623066393162333039333639363838612c6d73673d663639666631376135346130373835616437623139333731333734393030646131613235306634353762613563656135383031336665656138383637326438322c636f756e7465723d3438372c743d313131373138362c6b696e643d64617461,iv=6ffe0c33586c746db0f91b309369688a;msg=f69ff17a54a0785ad7b19371374900da1a250f457ba5cea58013feea88672d82;counter=487;t=1117186;kind=data,136
1119682,111,921.200,-26,9.5,69763d31343330336636386361383334623432393837383131313263326137393633392c6d73673d316235636236316564313530366537616666363861623232316232396561353939346237626666396239353633373535303531366233613131313235373836652c636f756e7465723d3438382c743d313131393434302c6b696e643d64617461,iv=14303f68ca834b4298781112c2a79639;msg=1b5cb61ed1506e7aff68ab221b29ea5994b7bff9b95637550516b3a11125786e;counter=488;t=1119440;kind=data,136
1121936,112,921.000,-27,10.5,69763d37393932616265666439393337386636313637643764333939333833353062332c6d73673d333030373761323562613132333539313431396463663537376135653739373865306662636530393365363035316564326261656637336465336266656462362c636f756e7465723d3438392c743d313132313639342c6b696e643d64617461,iv=7992abefd99378f6167d7d39938350b3;msg=30077a25ba123591419dcf577a5e7978e0fbce093e6051ed2baef73de3bfedb6;counter=489;t=1121694;kind=data,136
1124190,112,921.000,-28,9.5,69763d66396133326134373261303062646531663230643036363537396161633834342c6d73673d613465313030633532643432366162396564356132336332613539653066346165633634343063383061636339313765393136396530343232623962303064382c636f756e7465723d3439302c743d313132333934382c6b696e643d64617461,iv=f9a32a472a00bde1f20d066579aac844;msg=a4e100c52d426ab9ed5a23c2a59e0f4aec6440c80acc917e9169e0422b9b00d8;counter=490;t=1123948;kind=data,136
1126445,112,921.000,-28,10.0,69763d64396337666638353837656336663535316630303766373336363562616539352c6d73673d333166646536363131313031666139383139303835333964386638303538313862356563613161333162353666343738636533363635343139643239336662382c636f756e7465723d3439312c743d313132363230322c6b696e643d64617461,iv=d9c7ff8587ec6f551f007f73665bae95;msg=31fde6611101fa981908539d8f805818b5eca1a31b56f478ce3665419d293fb8;counter=491;t=1126202;kind=data,136
1128701,112,921.000,-27,9.5,69763d32653835666537323566663236383339363865613439303936653232326437302c6d73673d336433376661333435653864633030636163313037623437356165333463636331356436363761363562346431306563376131383338643639656264316331612c636f756e7465723d3439322c743d313132383435392c6b696e643d64617461,iv=2e85fe725ff2683968ea49096e222d70;msg=3d37fa345e8dc00cac107b475ae34ccc15d667a65b4d10ec7a1838d69ebd1c1a;counter=492;t=1128459;kind=data,136
1130956,113,921.600,-27,8.25,69763d32396362623130663964633461623564383832653262613234373562633866612c6d73673d373132326538326237383466636238343261346236626532633065626332353164656665656139643538376438633062643965353330313731316334303266352c636f756e7465723d3439332c743d313133303731332c6b696e643d64617461,iv=29cbb10f9dc4ab5d882e2ba2475bc8fa;msg=7122e82b784fcb842a4b6be2c0ebc251defeea9d587d8c0bd9e5301711c402f5;counter=493;t=1130713;kind=data,136
1133210,113,921.600,-27,8.75,69763d36613464393138356537303834376331393933613930343762656565653931332c6d73673d393564303462373634306665643637363835326136343463656136326361306266363361343833643466663562303066363164643739626636373436336564382c636f756e7465723d3439342c743d313133323936372c6b696e643d64617461,iv=6a4d9185e70847c1993a9047beeee913;msg=95d04b7640fed676852a644cea62ca0bf63a483d4ff5b00f61dd79bf67463ed8;counter=494;t=1132967;kind=data,136
1135464,113,921.600,-27,9.25,69763d37326134386563396361313162393238653766663563653831323964373263612c6d73673d663439343330663638633530306361343662623562333363663732386461393439373262613639353564366263393261353462356637633662376262633266642c636f756e7465723d3439352c743d313133353232312c6b696e643d64617461,iv=72a48ec9ca11b928e7ff5ce8129d72ca;msg=f49430f68c500ca46bb5b33cf728da94972ba6955d6bc92a54b5f7c6b7bbc2fd;counter=495;t=1135221;kind=data,136
1137721,113,921.600,-27,10.0,69763d66306234323366343834303365656537376134313633313538376566643030652c6d73673d336238386334656236323534343662623865326532333632363863303134653662393262643838633035623731666261626635653965386262336532343830302c636f756e7465723d3439362c743d313133373437382c6b696e643d64617461,iv=f0b423f48403eee77a41631587efd00e;msg=3b88c4eb625446bb8e2e236268c014e6b92bd88c05b71fbabf5e9e8bb3e24800;counter=496;t=1137478;kind=data,136
1139976,113,921.600,-27,8.0,69763d62326633623032353836303862663164373134383536393235376566383264632c6d73673d376638393465326465616530616532363938623264343565343965646262326331636463346438663633626234386462303437306362326330306530656337332c636f756e7465723d3439372c743d313133393733332c6b696e643d64617461,iv=b2f3b0258608bf1d7148569257ef82dc;msg=7f894e2deae0ae2698b2d45e49edbb2c1cdc4d8f63bb48db0470cb2c00e0ec73;counter=497;t=1139733;kind=data,136
1142230,114,921.400,-27,9.0,69763d34343866366432343739303637383764306333373466366136636164323635392c6d73673d333833306264316134313430303337333533353666643138616262336130326433303539373637646132323762303237333232386435363335393634303037662c636f756e7465723d3439382c743d313134313938372c6b696e643d64617461,iv=448f6d247906787d0c374f6a6cad2659;msg=3830bd1a414003735356fd18abb3a02d3059767da227b0273228d5635964007f;counter=498;t=1141987;kind=data,136
1144484,114,921.400,-27,9.75,69763d63663363623261346131343034666135643531396132363135643064383931342c6d73673d383134616630306435333661333732663863633030323462393630303737663437633635376331633539613061363630616361373630663761336139613563302c636f756e7465723d3439392c743d313134343234322c6b696e643d64617461,iv=cf3cb2a4a1404fa5d519a2615d0d8914;msg=814af00d536a372f8cc0024b960077f47c657c1c59a0a660aca760f7a3a9a5c0;counter=499;t=1144242;kind=data,136
1146741,114,921.400,-27,8.75,69763d34643435616638343038353334396361656163306330623265306535353964342c6d73673d343534343864633139323565306531656661386432636537313166633834663862616534383065356165623934633963323063663536646264616665333463622c636f756e7465723d3530302c743d313134363439362c6b696e643d64617461,iv=4d45af84085349caeac0c0b2e0e559d4;msg=45448dc1925e0e1efa8d2ce711fc84f8bae480e5aeb94c9c20cf56dbdafe34cb;counter=500;t=1146496;kind=data,136
1148999,114,921.400,-27,8.75,69763d37656237393431323534346430323633613236306366656432336433323532312c6d73673d626233313161326636303661646665336238306238663335633366636435373462306433323334323030326130303730616238333363313635626638343438622c636f756e7465723d3530312c743d313134383735352c6b696e643d64617461,iv=7eb79412544d0263a260cfed23d32521;msg=bb311a2f606adfe3b80b8f35c3fcd574b0d32342002a0070ab833c165bf8448b;counter=501;t=1148755;kind=data,136
1155765,115,923.400,-28,3.0,69763d64386330333162303861616533656338363862623766626262656638386431382c6d73673d643065376361623138623834373033333832643465363537313137643562323761663133656630313332393638313236396137393030346463363935323165312c636f756e7465723d3530342c743d313135353531392c6b696e643d64617461,iv=d8c031b08aae3ec868bb7fbbbef88d18;msg=d0e7cab18b84703382d4e657117d5b27af13ef01329681269a79004dc69521e1;counter=504;t=1155519;kind=data,136
1162532,116,923.200,-27,5.75,69763d30633763656338653630643235616238363264623331383739333739353863662c6d73673d636430633539663837643362363838353436653565373037316461663761303330303062383063383433376432356561643562626331663238653433343934322c636f756e7465723d3530372c743d313136323238382c6b696e643d64617461,iv=0c7cec8e60d25ab862db3187937958cf;msg=cd0c59f87d3b688546e5e7071daf7a03000b80c8437d25ead5bbc1f28e434942;counter=507;t=1162288;kind=data,136
1164789,116,923.200,-27,4.75,69763d31333033376231303938346266633837656435663636626361306464366163312c6d73673d306437643436663631623237376333666166353734396664343330643339613764323130333237313737636430666361316165633834313964336363343235392c636f756e7465723d3530382c743d313136343534362c6b696e643d64617461,iv=13037b10984bfc87ed5f66bca0dd6ac1;msg=0d7d46f61b277c3faf5749fd430d39a7d210327177cd0fca1aec8419d3cc4259;counter=508;t=1164546;kind=data,136
1167044,116,923.200,-27,1.5,69763d37643035363033396164333830383866646537343434303439613932316238332c6d73673d646636353938663638633736363563316230356434613965393834663535626663303265393865353364663339623762376337643639376134333637643436332c636f756e7465723d3530392c743d313136363830302c6b696e643d64617461,iv=7d056039ad38088fde7444049a921b83;msg=df6598f68c7665c1b05d4a9e984f55bfc02e98e53df39b7b7c7d697a4367d463;counter=509;t=1166800;kind=data,136
1169298,116,923.200,-27,4.5,69763d30663563346366326638616339316533393061356637373834316430323662622c6d73673d323164366464653866323063343836366235663233353963636662353937363434636561323163316337316364383237656133363739646163396365386336642c636f756e7465723d3531302c743d313136393035352c6b696e643d64617461,iv=0f5c4cf2f8ac91e390a5f77841d026bb;msg=21d6dde8f20c4866b5f2359ccfb597644cea21c1c71cd827ea3679dac9ce8c6d;counter=510;t=1169055;kind=data,136
1171553,117,920.800,-27,8.0,69763d32633063373962656463613830363666623864366663363437343864393766652c6d73673d303038383163633638616364386562626539616331356463396330666232663463656630323033653536656235613262353562396332343561336230616537302c636f756e7465723d3531312c743d313137313330392c6b696e643d64617461,iv=2c0c79bedca8066fb8d6fc64748d97fe;msg=00881cc68acd8ebbe9ac15dc9c0fb2f4cef0203e56eb5a2b55b9c245a3b0ae70;counter=511;t=1171309;kind=data,136
1173810,117,920.800,-27,9.25,69763d37623762356530343239393634383238613530346633663736646465373862372c6d73673d376563343931356631386434343333663665643335663861613131323838313038643933376366373765393066366363663266316461373864623966336262312c636f756e7465723d3531322c743d313137333536372c6b696e643d64617461,iv=7b7b5e0429964828a504f3f76dde78b7;msg=7ec4915f18d4433f6ed35f8aa11288108d937cf77e90f6ccf2f1da78db9f3bb1;counter=512;t=1173567;kind=data,136
1176065,117,920.800,-27,9.75,69763d37633137633136656263393630306363383065646663303732383564656262332c6d73673d303663666537336431643132613032376664323361333931633764656235336362646666386331643362363935316432363239346433343137376232653539392c636f756e7465723d3531332c743d313137353832312c6b696e643d64617461,iv=7c17c16ebc9600cc80edfc07285debb3;msg=06cfe73d1d12a027fd23a391c7deb53cbdff8c1d3b6951d26294d34177b2e599;counter=513;t=1175821;kind=data,136
1178320,117,920.800,-27,9.25,69763d35333265633532616331626332613666643536366230623731356331643938332c6d73673d366439623161633939336438333438373232333864396538643335623337386638373534353333316630303432623436313364623736333430373534303765382c636f756e7465723d3531342c743d313137383037362c6b696e643d64617461,iv=532ec52ac1bc2a6fd566b0b715c1d983;msg=6d9b1ac993d834872238d9e8d35b378f87545331f0042b4613db7634075407e8;counter=514;t=1178076;kind=data,136
1180575,118,920.600,-28,9.75,69763d37633665303838333839336533666365323964656133656639656332653132362c6d73673d633362393466333263303561616331336164393661653937643335656334633934303665386331306364333236353532643437383236313665656139643430362c636f756e7465723d3531352c743d313138303333312c6b696e643d64617461,iv=7c6e0883893e3fce29dea3ef9ec2e126;msg=c3b94f32c05aac13ad96ae97d35ec4c9406e8c10cd326552d4782616eea9d406;counter=515;t=1180331;kind=data,136
1182832,118,920.600,-27,9.75,69763d32386438343137306432626134333766373161656132633738346239343437312c6d73673d363330303438383536363832376362343064383962613432363839396166306537343235656464386334373839363836613165373965366561653332663237382c636f756e7465723d3531362c743d313138323538392c6b696e643d64617461,iv=28d84170d2ba437f71aea2c784b94471;msg=6300488566827cb40d89ba426899af0e7425edd8c4789686a1e79e6eae32f278;counter=516;t=1182589;kind=data,136
1185087,118,920.600,-27,9.25,69763d34346161303563386262376232353335313932663631343034353463316436662c6d73673d356137626665333236373634383763636132343939393466393538353262386137326437363035643335393735363731306135323565386234636435336233332c636f756e7465723d3531372c743d313138343834332c6b696e643d64617461,iv=44aa05c8bb7b2535192f6140454c1d6f;msg=5a7bfe32676487cca249994f95852b8a72d7605d359756710a525e8b4cd53b33;counter=517;t=1184843;kind=data,136
1187342,118,920.600,-27,9.0,69763d64336263623564646262363162626262383332666536356366666133313932652c6d73673d623836666439386339633530373062386662323461643636396463643264613261396536393766393135653365353838376539643537336461323964663061382c636f756e7465723d3531382c743d313138373039382c6b696e643d64617461,iv=d3bcb5ddbb61bbbb832fe65cffa3192e;msg=b86fd98c9c5070b8fb24ad669dcd2da2a9e697f915e3e5887e9d573da29df0a8;counter=518;t=1187098;kind=data,136
1189600,118,920.600,-27,9.5,69763d31313762326263653233306462363666383264363434376133316665356535662c6d73673d623633306565343765633038623032653233363036363935336633613931356362373139396539613637336535613961626439373435383236656332353663632c636f756e7465723d3531392c743d313138393335362c6b696e643d64617461,iv=117b2bce230db66f82d6447a31fe5e5f;msg=b630ee47ec08b02e236066953f3a915cb7199e9a673e5a9abd9745826ec256cc;counter=519;t=1189356;kind=data,136
1191855,119,921.200,-26,9.5,69763d30363338393765323930323831323161616539666130623134383031343536642c6d73673d363662363764393563396662363763643561383838336665396165343966373138366564666538306233333232333335313937666330643636633430656565302c636f756e7465723d3532302c743d313139313631312c6b696e643d64617461,iv=063897e29028121aae9fa0b14801456d;msg=66b67d95c9fb67cd5a8883fe9ae49f7186edfe80b3322335197fc0d66c40eee0;counter=520;t=1191611;kind=data,136
1194110,119,921.200,-27,9.75,69763d66373866656433626630643333316337623739373061396364356236303837302c6d73673d376361353931303131613730393263376165336663366433366433316131633966616566313763303865353933373336646530636264633966363165303064342c636f756e7465723d3532312c743d313139333836362c6b696e643d64617461,iv=f78fed3bf0d331c7b7970a9cd5b60870;msg=7ca591011a7092c7ae3fc6d36d31a1c9faef17c08e593736de0cbdc9f61e00d4;counter=521;t=1193866;kind=data,136
1196365,119,921.200,-27,9.75,69763d36363861306238313931346337616639636238353937383133366231343363652c6d73673d326132363135656434323736353435336361356161626530326439353331656361666435303434663732656634623534333733393133303736323436633835652c636f756e7465723d3532322c743d313139363132312c6b696e643d64617461,iv=668a0b81914c7af9cb85978136b143ce;msg=2a2615ed42765453ca5aabe02d9531ecafd5044f72ef4b54373913076246c85e;counter=522;t=1196121;kind=data,136
1198623,119,921.200,-27,9.25,69763d63633131346231653931323230636234656261336437656662323334323633662c6d73673d616637383666646437386131646439326263323134336261383035323639633833313732633534366130366139383332376537656239306635643131356131382c636f756e7465723d3532332c743d313139383337382c6b696e643d64617461,iv=cc114b1e91220cb4eba3d7efb234263f;msg=af786fdd78a1dd92bc2143ba805269c83172c546a06a98327e7eb90f5d115a18;counter=523;t=1198378;kind=data,136
1200878,120,921.000,-27,9.25,69763d39386636656564636236366139333331303264663033643330383134343331622c6d73673d333634303861316166653637303765656336316439303362656434616139306131623963303731353735386234323934333736363936333064343062346562302c636f756e7465723d3532342c743d313230303633342c6b696e643d64617461,iv=98f6eedcb66a933102df03d30814431b;msg=36408a1afe6707eec61d903bed4aa90a1b9c0715758b429437669630d40b4eb0;counter=524;t=1200634;kind=data,136
1203132,120,921.000,-26,9.75,69763d39616661343963653234363038343639646632343366306534303063623531662c6d73673d303934613338653734353432613333643430633562393731343733353135363232323835353463643765343534646332313931366533646564343462646238392c636f756e7465723d3532352c743d313230323838382c6b696e643d64617461,iv=9afa49ce24608469df243f0e400cb51f;msg=094a38e74542a33d40c5b97147351562228554cd7e454dc21916e3ded44bdb89;counter=525;t=1202888;kind=data,136
1205390,120,921.000,-26,9.5,69763d66656536383431366364363930393430343661633837376138363364656138662c6d73673d346461623735656362373165623634613761653766316134636363363237643132616237366631383734663064353732373338356336306539636530393635652c636f756e7465723d3532362c743d313230353134362c6b696e643d64617461,iv=fee68416cd69094046ac877a863dea8f;msg=4dab75ecb71eb64a7ae7f1a4ccc627d12ab76f1874f0d5727385c60e9ce0965e;counter=526;t=1205146;kind=data,136
1207647,120,921.000,-28,9.5,69763d31316232363361653266376362636438323461396664663061376139386539342c6d73673d346262613064353466306331356331336563396166383436633538363233366263316364376332316633613761303463376337323730363333613063343863652c636f756e7465723d3532372c743d313230373430312c6b696e643d64617461,iv=11b263ae2f7cbcd824a9fdf0a7a98e94;msg=4bba0d54f0c15c13ec9af846c586236bc1cd7c21f3a7a04c7c7270633a0c48ce;counter=527;t=1207401;kind=data,136
1209900,120,921.000,-27,9.25,69763d35616133616637323966303062393936316565626632326134343936333735662c6d73673d396163623132353662633031306136383562303464376363666633613361313161346564333262643839376665366662313131353933316530346466333039662c636f756e7465723d3532382c743d313230393635362c6b696e643d64617461,iv=5aa3af729f00b9961eebf22a4496375f;msg=9acb1256bc010a685b04d7ccff3a3a11a4ed32bd897fe6fb1115931e04df309f;counter=528;t=1209656;kind=data,136
1212158,121,921.600,-26,7.75,69763d65343633376336663632316331313136366361383432356133373161666537302c6d73673d346331643137333962633337343837353830653031353637643237363165633132366638326134393530373531353330666436653730306530356130396436652c636f756e7465723d3532392c743d313231313931312c6b696e643d64617461,iv=e4637c6f621c11166ca8425a371afe70;msg=4c1d1739bc37487580e01567d2761ec126f82a4950751530fd6e700e05a09d6e;counter=529;t=1211911;kind=data,136
1214414,121,921.600,-27,9.25,69763d39616262343133386662653365323265383536343537363639363863373431332c6d73673d646234643933373539363161626661376665623562636563663336303262623630663532363830393164373638633435646465333262636562353334613564352c636f756e7465723d3533302c743d313231343137302c6b696e643d64617461,iv=9abb4138fbe3e22e85645766968c7413;msg=db4d9375961abfa7feb5bcecf3602bb60f5268091d768c45dde32bceb534a5d5;counter=530;t=1214170;kind=data,136
1216669,121,921.600,-26,9.75,69763d65643761633762643330626234613262393133306563653337393836356332342c6d73673d333936653130636166323361623764353936633364343135623266633334653830663236306132653666656461626565343733323331626235353663323864652c636f756e7465723d3533312c743d313231363432352c6b696e643d64617461,iv=ed7ac7bd30bb4a2b9130ece379865c24;msg=396e10caf23ab7d596c3d415b2fc34e80f260a2e6fedabee473231bb556c28de;counter=531;t=1216425;kind=data,136
1218927,121,921.600,-27,9.5,69763d32313431363332356265363364623133376633613862363563356239663962312c6d73673d653864613939623731653339323561323866346634353262373061366365393237343632373962366430346434323966396330306132343966623366666561332c636f756e7465723d3533322c743d313231383638302c6b696e643d64617461,iv=21416325be63db137f3a8b65c5b9f9b1;msg=e8da99b71e3925a28f4f452b70a6ce92746279b6d04d429f9c00a249fb3ffea3;counter=532;t=1218680;kind=data,136
1221185,122,921.400,-27,8.75,69763d62376233376331363465653834353133313735623636396434646265656535392c6d73673d306664316431393436393430393432353264303437323738323466393531663866393936376563623965376362316235666165363930373535396261336236362c636f756e7465723d3533332c743d313232303934312c6b696e643d64617461,iv=b7b37c164ee84513175b669d4dbeee59;msg=0fd1d194694094252d04727824f951f8f9967ecb9e7cb1b5fae6907559ba3b66;counter=533;t=1220941;kind=data,136
1223441,122,921.400,-26,9.75,69763d65663866356363303462303365616336316233366430646361333263383534352c6d73673d393165356439323231653465616637653338663731323431373831383634366261313861346666363638666336336564616338643062623334363132363531382c636f756e7465723d3533342c743d313232333139362c6b696e643d64617461,iv=ef8f5cc04b03eac61b36d0dca32c8545;msg=91e5d9221e4eaf7e38f712417818646ba18a4ff668fc63edac8d0bb346126518;counter=534;t=1223196;kind=data,136
1225696,122,921.400,-27,9.5,69763d61356234663266303336353964636236346337323535623439393737376339312c6d73673d633862323939363033353835386236383562633339623636633839613837306461623338343830653465643237343264326562303331363037366636313134652c636f756e7465723d3533352c743d313232353435312c6b696e643d64617461,iv=a5b4f2f03659dcb64c7255b499777c91;msg=c8b2996035858b685bc39b66c89a870dab38480e4ed2742d2eb0316076f6114e;counter=535;t=1225451;kind=data,136
1227954,122,921.400,-27,8.5,69763d64356463393861333565633165643934383233333431653063323363666536302c6d73673d396430343539393266636630333036303165376433656139623466363265633831363962343131633233623661656237343962373735643464376637386237382c636f756e7465723d3533362c743d313232373730392c6b696e643d64617461,iv=d5dc98a35ec1ed94823341e0c23cfe60;msg=9d045992fcf030601e7d3ea9b4f62ec8169b411c23b6aeb749b775d4d7f78b78;counter=536;t=1227709;kind=data,136
1230209,122,921.400,-27,9.0,69763d38343530326638643530336432653365323931633735346235353434366165382c6d73673d393964326563623361326562653166373830646538643538646264363566646163376162646233323130383731343633656237393161353238626165396636302c636f756e7465723d3533372c743d313232393936352c6b696e643d64617461,iv=84502f8d503d2e3e291c754b55446ae8;msg=99d2ecb3a2ebe1f780de8d58dbd65fdac7abdb3210871463eb791a528bae9f60;counter=537;t=1229965;kind=data,136
1232465,123,923.400,-27,-0.25,69763d61313435386464383063613738383262643834666235653131646661303962612c6d73673d396365343435396561303333393565363763666362343834633937643830633637353138663461383136626365363063643032383266356234666363363137632c636f756e7465723d3533382c743d313233323232302c6b696e643d64617461,iv=a1458dd80ca7882bd84fb5e11dfa09ba;msg=9ce4459ea03395e67cfcb484c97d80c67518f4a816bce60cd0282f5b4fcc617c;counter=538;t=1232220;kind=data,136
1234723,123,923.400,-27,-1.5,69763d39333338636363303637613262663866613638323163333163316535343532362c6d73673d353163393934303764303631663230393963313463636164303032383635363234313262643439633732373064333963633638373733633866326538663831362c636f756e7465723d3533392c743d313233343437382c6b696e643d64617461,iv=9338ccc067a2bf8fa6821c31c1e54526;msg=51c99407d061f2099c14ccad00286562412bd49c7270d39cc68773c8f2e8f816;counter=539;t=1234478;kind=data,136
1236978,123,923.400,-28,1.5,69763d38343563653131306239356266393665663864346565373432353434663331662c6d73673d323365653336613231643935663861363738363033323564326564633364626634393936636564323831393961333535393136333066356366326539633262662c636f756e7465723d3534302c743d313233363733332c6b696e643d64617461,iv=845ce110b95bf96ef8d4ee742544f31f;msg=23ee36a21d95f8a67860325d2edc3dbf4996ced28199a35591630f5cf2e9c2bf;counter=540;t=1236733;kind=data,136
1239236,123,923.400,-27,3.25,69763d61613330663339653634333661663961373963313034643639666432323064322c6d73673d346434343933346232306262653061626336646630386562626438333834363335636330333234353739343665363663336632613362393861623636303834322c636f756e7465723d3534312c743d313233383938392c6b696e643d64617461,iv=aa30f39e6436af9a79c104d69fd220d2;msg=4d44934b20bbe0abc6df08ebbd8384635cc032457946e66c3f2a3b98ab660842;counter=541;t=1238989;kind=data,136
1241494,124,923.200,-27,1.25,69763d38326231303362313563653236343662393335633236383435653635323038392c6d73673d313363653931376330366133376463393961313239346137646663393138353866346466663161303833666236383237616464646539623332376338646466342c636f756e7465723d3534322c743d313234313235302c6b696e643d64617461,iv=82b103b15ce2646b935c26845e652089;msg=13ce917c06a37dc99a1294a7dfc91858f4dff1a083fb6827addde9b327c8ddf4;counter=542;t=1241250;kind=data,136
1243750,124,923.200,-28,5.75,69763d66626337363830363535613137653163383330366563306361326265383932652c6d73673d323036393331643635353830383334343833346163643235373665613662623935333932343463636538313566393139366435646231616363323065663037372c636f756e7465723d3534332c743d313234333530352c6b696e643d64617461,iv=fbc7680655a17e1c8306ec0ca2be892e;msg=206931d655808344834acd2576ea6bb9539244cce815f9196d5db1acc20ef077;counter=543;t=1243505;kind=data,136
1246008,124,923.200,-27,3.75,69763d66336234373338396464373733643732356435356364323530653463343436302c6d73673d363038613566386630626364353738616165653335616162316631636137333037353931383232656338643733306531623836336132613933613866623766632c636f756e7465723d3534342c743d313234353736332c6b696e643d64617461,iv=f3b47389dd773d725d55cd250e4c4460;msg=608a5f8f0bcd578aaee35aab1f1ca7307591822ec8d730e1b863a2a93a8fb7fc;counter=544;t=1245763;kind=data,136
1248264,124,923.200,-27,1.25,69763d63333437343135306431373837323666313065316363333838663639613335322c6d73673d346433393730326437353539343036343061636537623062316462363161306338353937343531326465636661396264353533653061376466303162623865312c636f756e7465723d3534352c743d313234383031392c6b696e643d64617461,iv=c3474150d178726f10e1cc388f69a352;msg=4d39702d755940640ace7b0b1db61a0c85974512decfa9bd553e0a7df01bb8e1;counter=545;t=1248019;kind=data,136
1250519,125,920.800,-26,10.25,69763d34633263393966353930376138333661326332646165373564383664643832382c6d73673d346432313435326538663865613161303366613539656332643437373638386530396135613064313133623536393664633838663832363233396634326334342c636f756e7465723d3534362c743d313235303237342c6b696e643d64617461,iv=4c2c99f5907a836a2c2dae75d86dd828;msg=4d21452e8f8ea1a03fa59ec2d477688e09a5a0d113b5696dc88f826239f42c44;counter=546;t=1250274;kind=data,136
1252778,125,920.800,-27,9.5,69763d36323237663331653165393038363332366161306535326633343835346662392c6d73673d653565303434623134383931333162316230383564616664316563363662366335303138313666373839666666383163613136613264643339373235643862382c636f756e7465723d3534372c743d313235323533332c6b696e643d64617461,iv=6227f31e1e9086326aa0e52f34854fb9;msg=e5e044b1489131b1b085dafd1ec66b6c501816f789fff81ca16a2dd39725d8b8;counter=547;t=1252533;kind=data,136
1255034,125,920.800,-27,9.75,69763d61383032633432336638333937303562383838623932656532353962346639652c6d73673d636139343164346232393666336261356236633932373566306166613864343664613434343234613635323233383635356566383036653763383064653835652c636f756e7465723d3534382c743d313235343738392c6b696e643d64617461,iv=a802c423f839705b888b92ee259b4f9e;msg=ca941d4b296f3ba5b6c9275f0afa8d46da44424a652238655ef806e7c80de85e;counter=548;t=1254789;kind=data,136
1257290,125,920.800,-28,9.0,69763d31666330326665616233633135376662343035656533623061393038316530342c6d73673d363161626365323963656232323763366338386538343138636533323130333665303633393634356264366435636561363631613932386164323432613039632c636f756e7465723d3534392c743d313235373034342c6b696e643d64617461,iv=1fc02feab3c157fb405ee3b0a9081e04;msg=61abce29ceb227c6c88e8418ce321036e0639645bd6d5cea661a928ad242a09c;counter=549;t=1257044;kind=data,136
1259548,125,920.800,-26,9.25,69763d61386662646436666364393032616237356239633231343635633034636264302c6d73673d636435313632653033356365383931316661366538393733373139623562643638623832633166393733663233333032323338306365346634316565643033322c636f756e7465723d3535302c743d313235393330332c6b696e643d64617461,iv=a8fbdd6fcd902ab75b9c21465c04cbd0;msg=cd5162e035ce8911fa6e8973719b5bd68b82c1f973f233022380ce4f41eed032;counter=550;t=1259303;kind=data,136
1261803,126,920.600,-26,10.25,69763d38333232303864346232653462663139383465323231653232383063333237622c6d73673d353166663162363536393730326665303865363166326565313636356265623939356530653239393661663534313438663864623034656263616636313437302c636f756e7465723d3535312c743d313236313535382c6b696e643d64617461,iv=832208d4b2e4bf1984e221e2280c327b;msg=51ff1b6569702fe08e61f2ee1665beb995e0e2996af54148f8db04ebcaf61470;counter=551;t=1261558;kind=data,136
1264059,126,920.600,-26,10.0,69763d64313733336431346435663133623664376130343738636234653862376463322c6d73673d613561633131336166323937346634343763633033666532313435396463626161626239663763363032663439636434356264393439663462663965396637362c636f756e7465723d3535322c743d313236333831342c6b696e643d64617461,iv=d1733d14d5f13b6d7a0478cb4e8b7dc2;msg=a5ac113af2974f447cc03fe21459dcbaabb9f7c602f49cd45bd949f4bf9e9f76;counter=552;t=1263814;kind=data,136
1266318,126,920.600,-26,9.75,69763d63323263653239663437633664313366633266343636646166613265616531372c6d73673d623961313139646362653335353933346434623230303663643231373962626535646530373066393038383430373033383230623264376461363565343932372c636f756e7465723d3535332c743d313236363037322c6b696e643d64617461,iv=c22ce29f47c6d13fc2f466dafa2eae17;msg=b9a119dcbe355934d4b2006cd2179bbe5de070f908840703820b2d7da65e4927;counter=553;t=1266072;kind=data,136
1268574,126,920.600,-27,9.75,69763d32633032326362366239303838323266646336613435363031623136656535332c6d73673d663863333034383861373533343536646130353134383661356231316666303138316231376261316664366634323437613637326638396262646538326439372c636f756e7465723d3535342c743d313236383332382c6b696e643d64617461,iv=2c022cb6b908822fdc6a45601b16ee53;msg=f8c30488a753456da051486a5b11ff0181b17ba1fd6f4247a672f89bbde82d97;counter=554;t=1268328;kind=data,136
1270832,127,921.200,-27,9.75,69763d30663033626639373133303161663632313265633766393961616233316139662c6d73673d343134393838616637326539343331306162343132303135363362643036316339663333383238633133393261366232656162393931333737323265633561662c636f756e7465723d3535352c743d313237303538342c6b696e643d64617461,iv=0f03bf971301af6212ec7f99aab31a9f;msg=414988af72e94310ab41201563bd061c9f33828c1392a6b2eab99137722ec5af;counter=555;t=1270584;kind=data,136
1273091,127,921.200,-26,9.75,69763d31633431396236393461633537303935366330643038346133643131623837362c6d73673d373736323662623939303563333062306262616263336364363963316336353435316566383261333061633463663763343330373639656666313031306365302c636f756e7465723d3535362c743d313237323834352c6b696e643d64617461,iv=1c419b694ac570956c0d084a3d11b876;msg=77626bb9905c30b0bbabc3cd69c1c65451ef82a30ac4cf7c430769eff1010ce0;counter=556;t=1272845;kind=data,136
1275347,127,921.200,-27,9.0,69763d39626665663938616139663331643136333132636333333331336662373161352c6d73673d303431313066316136623761386135383030653533386233323433613339346533616264643862376361343738663761393436323930303962366332336364652c636f756e7465723d3535372c743d313237353130312c6b696e643d64617461,iv=9bfef98aa9f31d16312cc33313fb71a5;msg=04110f1a6b7a8a5800e538b3243a394e3abdd8b7ca478f7a94629009b6c23cde;counter=557;t=1275101;kind=data,136
1277605,127,921.200,-27,9.25,69763d36346166393761383633663635653061333163396161333337643939336633382c6d73673d396433663237663065336530373534356430313064356536313865376262643465343238373238386637386464396530363232623330633932303038613030652c636f756e7465723d3535382c743d313237373336302c6b696e643d64617461,iv=64af97a863f65e0a31c9aa337d993f38;msg=9d3f27f0e3e07545d010d5e618e7bbd4e4287288f78dd9e0622b30c92008a00e;counter=558;t=1277360;kind=data,136
1279861,127,921.200,-27,10.0,69763d31623836303536393731343066666635646637613238613439656163346564382c6d73673d383137343465343135393237383534316535323663353837356462363263663338373263653333356165643933353061383163366462643639393735396635622c636f756e7465723d3535392c743d313237393631362c6b696e643d64617461,iv=1b8605697140fff5df7a28a49eac4ed8;msg=81744e4159278541e526c5875db62cf3872ce335aed9350a81c6dbd699759f5b;counter=559;t=1279616;kind=data,136
1282117,128,921.000,-27,9.0,69763d63313231626663373834353935333162353732383164326336626363326663662c6d73673d393632336330366232653230666436353237346335386462666234373730323632396334396238643238333831616536326533313936623764373634323133662c636f756e7465723d3536302c743d313238313837322c6b696e643d64617461,iv=c121bfc78459531b57281d2c6bcc2fcf;msg=9623c06b2e20fd65274c58dbfb47702629c49b8d28381ae62e3196b7d764213f;counter=560;t=1281872;kind=data,136
1284376,128,921.000,-27,10.25,69763d33323334666566636162353937313334656635393936666336646637303630642c6d73673d386531656637313963363339353033633766346565346632623133343763616135336332626365316363313263643931393263623533303864623063306239362c636f756e7465723d3536312c743d313238343133302c6b696e643d64617461,iv=3234fefcab597134ef5996fc6df7060d;msg=8e1ef719c639503c7f4ee4f2b1347caa53c2bce1cc12cd9192cb5308db0c0b96;counter=561;t=1284130;kind=data,136
1286632,128,921.000,-27,10.5,69763d66313230326437313363396337386638313865346662356533653961313635642c6d73673d653235656534306533366135623434646435313432363263643336383237343530616365626439663564626162306531393331373735653633656334663464612c636f756e7465723d3536322c743d313238363338362c6b696e643d64617461,iv=f1202d713c9c78f818e4fb5e3e9a165d;msg=e25ee40e36a5b44dd514262cd36827450acebd9f5dbab0e1931775e63ec4f4da;counter=562;t=1286386;kind=data,136
1288891,128,921.000,-27,9.0,69763d63386533303132316335623565626138633830313866663130623362666366612c6d73673d643662393566623264393764363962343130373439316262373938363830393033313639303666323338343439393564636664633965666461363264383237332c636f756e7465723d3536332c743d313238383634352c6b696e643d64617461,iv=c8e30121c5b5eba8c8018ff10b3bfcfa;msg=d6b95fb2d97d69b4107491bb79868090316906f23844995dcfdc9efda62d8273;counter=563;t=1288645;kind=data,136
1291147,129,921.600,-27,7.5,69763d30396162646366653365326366316239373039343737356530373964363866302c6d73673d383166366333356265356563356565346636306364366635663962633234383262663839643461356532633462336336333435396463643663646338616262622c636f756e7465723d3536342c743d313239303930312c6b696e643d64617461,iv=09abdcfe3e2cf1b97094775e079d68f0;msg=81f6c35be5ec5ee4f60cd6f5f9bc2482bf89d4a5e2c4b3c63459dcd6cdc8abbb;counter=564;t=1290901;kind=data,136
1293403,129,921.600,-27,8.5,69763d32656138313139326538303136326237303663636430383965336165616566652c6d73673d626630633631356331653561613732633264663635336166386433393334616530386366613063366665383738366264363133663238356364313163643932322c636f756e7465723d3536352c743d313239333135372c6b696e643d64617461,iv=2ea81192e80162b706ccd089e3aeaefe;msg=bf0c615c1e5aa72c2df653af8d3934ae08cfa0c6fe8786bd613f285cd11cd922;counter=565;t=1293157;kind=data,136
1295662,129,921.600,-27,8.75,69763d31666262623935633135346166643161303234616438376163353266356661322c6d73673d336664346563363830376538316535316132666463643239346432306439336263343031356564313838376435346639646363313963383239383934626366332c636f756e7465723d3536362c743d313239353431362c6b696e643d64617461,iv=1fbbb95c154afd1a024ad87ac52f5fa2;msg=3fd4ec6807e81e51a2fdcd294d20d93bc4015ed1887d54f9dcc19c829894bcf3;counter=566;t=1295416;kind=data,136
1297918,129,921.600,-27,9.5,69763d66373733393262316533313637373838393463623630303863363332343732342c6d73673d386634643733316562363030666132316434353730616336306232633363616634326162326661663962356136613563626339653439633562656633333462642c636f756e7465723d3536372c743d313239373637322c6b696e643d64617461,iv=f77392b1e316778894cb6008c6324724;msg=8f4d731eb600fa21d4570ac60b2c3caf42ab2faf9b5a6a5cbc9e49c5bef334bd;counter=567;t=1297672;kind=data,136
1300177,129,921.600,-27,6.25,69763d33393536373935636565626335383164383462666631373237623539613261652c6d73673d363564376639633333666561383465373963313965613366646134336139323936373134363931323961626132643430623830386231623333663138336438652c636f756e7465723d3536382c743d313239393933312c6b696e643d64617461,iv=3956795ceebc581d84bff1727b59a2ae;msg=65d7f9c33fea84e79c19ea3fda43a929671469129aba2d40b808b1b33f183d8e;counter=568;t=1299931;kind=data,136
1302433,130,921.400,-27,9.75,69763d36303135313762653030373363626630633565306233656362343336303565622c6d73673d333331353930313865333532633638303535643065666535613366643764323865356334373266386636616637616338653735643465656666346233353435312c636f756e7465723d3536392c743d313330323138372c6b696e643d64617461,iv=601517be0073cbf0c5e0b3ecb43605eb;msg=33159018e352c68055d0efe5a3fd7d28e5c472f8f6af7ac8e75d4eeff4b35451;counter=569;t=1302187;kind=data,136
1304689,130,921.400,-26,9.5,69763d30363836356166303265646437303138663333313561333365653535333637382c6d73673d323537326339613833323532373731303139333030323132383864333762323161313664613238353233653337616333346662666333313733306639666364662c636f756e7465723d3537302c743d313330343434332c6b696e643d64617461,iv=06865af02edd7018f3315a33ee553678;msg=2572c9a8325277101930021288d37b21a16da28523e37ac34fbfc31730f9fcdf;counter=570;t=1304443;kind=data,136
1306948,130,921.400,-27,9.75,69763d36616331626264623065633362333935383861636261613431386163643932362c6d73673d303937633730666435306536353836393161366535666139336161623834376563613337343162333630316135303464633434306566626133393834333035612c636f756e7465723d3537312c743d313330363730322c6b696e643d64617461,iv=6ac1bbdb0ec3b39588acbaa418acd926;msg=097c70fd50e658691a6e5fa93aab847eca3741b3601a504dc440efba3984305a;counter=571;t=1306702;kind=data,136
1309204,130,921.400,-27,9.0,69763d32656232333864393034373266356436646261613763366466363765386538652c6d73673d636564333735376637303835333431366233383134316539353866363635303430343730653962386663306565313038316663363439333961313465353830662c636f756e7465723d3537322c743d313330383935382c6b696e643d64617461,iv=2eb238d90472f5d6dbaa7c6df67e8e8e;msg=ced3757f70853416b38141e958f665040470e9b8fc0ee1081fc64939a14e580f;counter=572;t=1308958;kind=data,136
1311463,131,923.400,-27,1.75,69763d33303561323536626266376337666435303630323766333361386166643765352c6d73673d363933316537383236613664363237386561396537343739626561386266613665346461663631326133363732343434353966343839366133303366376566392c636f756e7465723d3537332c743d313331313231372c6b696e643d64617461,iv=305a256bbf7c7fd506027f33a8afd7e5;msg=6931e7826a6d6278ea9e7479bea8bfa6e4daf612a367244459f4896a303f7ef9;counter=573;t=1311217;kind=data,136
1313720,131,923.400,-28,1.75,69763d62636665646361323435663862363465363434663238363339306333383963392c6d73673d623434323362313335636134333563316432643866343063336265343831616666656439316237343063353361663135373461633764643762343466616331632c636f756e7465723d3537342c743d313331333437332c6b696e643d64617461,iv=bcfedca245f8b64e644f286390c389c9;msg=b4423b135ca435c1d2d8f40c3be481affed91b740c53af1574ac7dd7b44fac1c;counter=574;t=1313473;kind=data,136
1315976,131,923.400,-27,-1.25,69763d31633765363633663637353733343736643237663861613930616439613634362c6d73673d383332393333313735633832313837643832386430353464626662316663636333396636366233646636343933636166656261323734373930356561396532362c636f756e7465723d3537352c743d313331353733302c6b696e643d64617461,iv=1c7e663f67573476d27f8aa90ad9a646;msg=832933175c82187d828d054dbfb1fccc39f66b3df6493cafeba2747905ea9e26;counter=575;t=1315730;kind=data,136
1316872,131,923.400,-97,1.0,40ec0ff8018000000163c7062c16508619,NON_UTF8,17
1318235,131,923.400,-27,2.25,69763d32616132323136313064643830663066373063396333303464373537643833322c6d73673d653863633034656161323263653066333634333630363866323736346636616636363331333861333038393166626339643331376334633365366530323439352c636f756e7465723d3537362c743d313331373938392c6b696e643d64617461,iv=2aa221610dd80f0f70c9c304d757d832;msg=e8cc04eaa22ce0f36436068f2764f6af663138a30891fbc9d317c4c3e6e02495;counter=576;t=1317989;kind=data,136
1320491,132,923.200,-28,3.25,69763d66613430666435663737613232393661653930626461383335353336343565392c6d73673d656236313566363533396164633965633665373938653230613138393864366539346335663930326535663663326637646437316263303633623735313631382c636f756e7465723d3537372c743d313332303234352c6b696e643d64617461,iv=fa40fd5f77a2296ae90bda83553645e9;msg=eb615f6539adc9ec6e798e20a1898d6e94c5f902e5f6c2f7dd71bc063b751618;counter=577;t=1320245;kind=data,136
1322750,132,923.200,-26,1.75,69763d66356262343837363232376366353033396131623865393632656132613461612c6d73673d373634663334303731343939396638393634346231653833306463303162373536383835313036613331663839326466303163373332623732643037613933392c636f756e7465723d3537382c743d313332323530342c6b696e643d64617461,iv=f5bb4876227cf5039a1b8e962ea2a4aa;msg=764f340714999f89644b1e830dc01b756885106a31f892df01c732b72d07a939;counter=578;t=1322504;kind=data,136
1325007,132,923.200,-28,3.5,69763d61363065633666393661306634623635663263303964343434656531346230342c6d73673d396564316362383632373362353564616536663230333538323835303337363166613931356432643833343739363332383339366361336663613033346331662c636f756e7465723d3537392c743d313332343736302c6b696e643d64617461,iv=a60ec6f96a0f4b65f2c09d444ee14b04;msg=9ed1cb86273b55dae6f2035828503761fa915d2d834796328396ca3fca034c1f;counter=579;t=1324760;kind=data,136
1327266,132,923.200,-27,3.0,69763d38396636383935663439666236333164393734653766346361373935303663612c6d73673d656361656330336461376363383339373931316332303637376331623664373736383638306162303237663163333162373532623463363632383433393663652c636f756e7465723d3538302c743d313332373031392c6b696e643d64617461,iv=89f6895f49fb631d974e7f4ca79506ca;msg=ecaec03da7cc8397911c20677c1b6d7768680ab027f1c31b752b4c66284396ce;counter=580;t=1327019;kind=data,136
1329523,132,923.200,-27,5.5,69763d35343262633531383937383431343863343235623035663961366337636332312c6d73673d346364616437323264386536313738356566313535323536316134353734623638353637633066643134393263333030306337333366393461656234366365342c636f756e7465723d3538312c743d313332393237362c6b696e643d64617461,iv=542bc5189784148c425b05f9a6c7cc21;msg=4cdad722d8e61785ef1552561a4574b68567c0fd1492c3000c733f94aeb46ce4;counter=581;t=1329276;kind=data,136
1331779,133,920.800,-27,9.5,69763d64616166353361626234643833356365326139383235343035323635323033372c6d73673d636163623665633065633831353639386462653431656562313636326439326165373063323464353233386335663138323737353736623063613438643234352c636f756e7465723d3538322c743d313333313533332c6b696e643d64617461,iv=daaf53abb4d835ce2a98254052652037;msg=cacb6ec0ec815698dbe41eeb1662d92ae70c24d5238c5f18277576b0ca48d245;counter=582;t=1331533;kind=data,136
1334038,133,920.800,-27,9.25,69763d34373631663439303538346234663862346332303032643562333334343236622c6d73673d323139376635663132663163333464313331616666613038653336326133383733653938333262663531653162363266653537313434386338353632383439312c636f756e7465723d3538332c743d313333333739322c6b696e643d64617461,iv=4761f490584b4f8b4c2002d5b334426b;msg=2197f5f12f1c34d131affa08e362a3873e9832bf51e1b62fe571448c85628491;counter=583;t=1333792;kind=data,136
1336295,133,920.800,-28,10.0,69763d36316136393264626538633166323836613161303364663837666136373866312c6d73673d646139653232643731393333666637663765613131656435383830353238386366623863633838633834613936373434646466396630643531386539356561302c636f756e7465723d3538342c743d313333363034382c6b696e643d64617461,iv=61a692dbe8c1f286a1a03df87fa678f1;msg=da9e22d71933ff7f7ea11ed58805288cfb8cc88c84a96744ddf9f0d518e95ea0;counter=584;t=1336048;kind=data,136
1338554,133,920.800,-27,9.5,69763d32353833336634613161323261633732656633373135666433373338376565382c6d73673d313935376135393066363834383439376337643639306333373433343166646133636665323532633638393164326466666637633936623364333438613332622c636f756e7465723d3538352c743d313333383330372c6b696e643d64617461,iv=25833f4a1a22ac72ef3715fd37387ee8;msg=1957a590f6848497c7d690c374341fda3cfe252c6891d2dfff7c96b3d348a32b;counter=585;t=1338307;kind=data,136
1340811,134,920.600,-27,9.75,69763d30653031326366663339393534623836373531353265663334353632626131642c6d73673d636666323538356334396435616563333339366662346464623031333038313237376139633835393836323165316230333830333062313031663161343535362c636f756e7465723d3538362c743d313334303536342c6b696e643d64617461,iv=0e012cff39954b8675152ef34562ba1d;msg=cff2585c49d5aec3396fb4ddb013081277a9c8598621e1b038030b101f1a4556;counter=586;t=1340564;kind=data,136
1343070,134,920.600,-26,9.0,69763d36326263303830303766636430366635376365663264346266326336633032392c6d73673d356238343036396663356433616365343938303032373230343530393632623137643039306637306133623739653139323861303334333936616330613136332c636f756e7465723d3538372c743d313334323832332c6b696e643d64617461,iv=62bc08007fcd06f57cef2d4bf2c6c029;msg=5b84069fc5d3ace498002720450962b17d090f70a3b79e1928a034396ac0a163;counter=587;t=1342823;kind=data,136
1345327,134,920.600,-27,9.75,69763d34656332613237373133316432653061373163343434303039623961383865662c6d73673d653731636339346230376130383937386162303237346364326531356235636461373536643862613130366432633865373366316337353065623963623230372c636f756e7465723d3538382c743d313334353038302c6b696e643d64617461,iv=4ec2a277131d2e0a71c444009b9a88ef;msg=e71cc94b07a08978ab0274cd2e15b5cda756d8ba106d2c8e73f1c750eb9cb207;counter=588;t=1345080;kind=data,136
1347586,134,920.600,-27,10.0,69763d66373566623437646134346236303634643162383830613833653966333537322c6d73673d303832636438326563313131356530616364326430633134353039353861626266366262376262356334383964346638326439653636623262626164623231382c636f756e7465723d3538392c743d313334373333392c6b696e643d64617461,iv=f75fb47da44b6064d1b880a83e9f3572;msg=082cd82ec1115e0acd2d0c1450958abbf6bb7bb5c489d4f82d9e66b2bbadb218;counter=589;t=1347339;kind=data,136
1349843,134,920.600,-26,10.25,69763d65383864356437376461633631356631323835366431653932623631376339362c6d73673d336139393063363732373735363531653934623266336134306239336636623433386231326666326664376139306365646135346331313266373163316131302c636f756e7465723d3539302c743d313334393539362c6b696e643d64617461,iv=e88d5d77dac615f12856d1e92b617c96;msg=3a990c672775651e94b2f3a40b93f6b438b12ff2fd7a90ceda54c112f71c1a10;counter=590;t=1349596;kind=data,136
1352102,135,921.200,-26,8.75,69763d35656333623561366562633535303235386135343832346265303631346531342c6d73673d363537643839666231623363636339393639653433656238643734323461383334626566393738383865346266666666313034646633383564613238363436392c636f756e7465723d3539312c743d313335313835332c6b696e643d64617461,iv=5ec3b5a6ebc550258a54824be0614e14;msg=657d89fb1b3ccc9969e43eb8d7424a834bef97888e4bffff104df385da286469;counter=591;t=1351853;kind=data,136
1354362,135,921.200,-27,10.0,69763d61643034393234326566623563386237623364306537656437333533633431632c6d73673d313365323861656638316665613162353936396335313761643039663135303730383936346436363063616132393037396136376237366163393930666665612c636f756e7465723d3539322c743d313335343131352c6b696e643d64617461,iv=ad049242efb5c8b7b3d0e7ed7353c41c;msg=13e28aef81fea1b5969c517ad09f150708964d660caa29079a67b76ac990ffea;counter=592;t=1354115;kind=data,136
1356619,135,921.200,-27,10.0,69763d38623731326262353032346265663632636366656334363132376261653737362c6d73673d306563336332663732636135386134633136643236386265303863333237386139376561346333636630393463636237313135373734633733646330396439342c636f756e7465723d3539332c743d313335363337322c6b696e643d64617461,iv=8b712bb5024bef62ccfec46127bae776;msg=0ec3c2f72ca58a4c16d268be08c3278a97ea4c3cf094ccb7115774c73dc09d94;counter=593;t=1356372;kind=data,136
1358878,135,921.200,-27,9.25,69763d36346564356466373739376633613539613036313563623063643138363264622c6d73673d346130356632633764633561313831336236383131393232323431356566616562383166316533373363323433333864396564326432313335653333376532392c636f756e7465723d3539342c743d313335383633312c6b696e643d64617461,iv=64ed5df7797f3a59a0615cb0cd1862db;msg=4a05f2c7dc5a1813b68119222415efaeb81f1e373c24338d9ed2d2135e337e29;counter=594;t=1358631;kind=data,136
1361135,136,921.000,-27,9.75,69763d31636466303032333835623039633665313130393565363936346434303733322c6d73673d356462643264376239666265323764613938373263356466656632376534303238396334626165366665303535363837623036343538633934316434613536322c636f756e7465723d3539352c743d313336303838382c6b696e643d64617461,iv=1cdf002385b09c6e11095e6964d40732;msg=5dbd2d7b9fbe27da9872c5dfef27e40289c4bae6fe055687b06458c941d4a562;counter=595;t=1360888;kind=data,136
1363394,136,921.000,-26,9.25,69763d31353164326666376331376461346436623637383161303730616238373562382c6d73673d623762636134323763383534333366333139326131653365656137623063626263373537366331323530303438656435376330646336356632353237613135322c636f756e7465723d3539362c743d313336333134372c6b696e643d64617461,iv=151d2ff7c17da4d6b6781a070ab875b8;msg=b7bca427c85433f3192a1e3eea7b0cbbc7576c1250048ed57c0dc65f2527a152;counter=596;t=1363147;kind=data,136
1365651,136,921.000,-27,9.25,69763d39666636303733363830366165306339373633353165653463373337663265642c6d73673d353866323964303062306330666438333833303739643431656533636533333439336535396232336234333637323232613033613461333265613961616161362c636f756e7465723d3539372c743d313336353430342c6b696e643d64617461,iv=9ff60736806ae0c976351ee4c737f2ed;msg=58f29d00b0c0fd8383079d41ee3ce33493e59b23b4367222a03a4a32ea9aaaa6;counter=597;t=1365404;kind=data,136
1367911,136,921.000,-27,9.0,69763d36633630326462363766303239303839653934306232323761373930616134372c6d73673d323232376239346132656163376464346530346534343039656137333464653036636533646465623637643764313839623636623037346236303239653339352c636f756e7465723d3539382c743d313336373636332c6b696e643d64617461,iv=6c602db67f029089e940b227a790aa47;msg=2227b94a2eac7dd4e04e4409ea734de06ce3ddeb67d7d189b66b074b6029e395;counter=598;t=1367663;kind=data,136
1370168,136,921.000,-27,9.25,69763d61346139336231333730313239633836616334396639656462663339343432392c6d73673d396630343036613930666161373237643061643036666465363833396230396162636566366130626437363561363266393233396134633431643663356163642c636f756e7465723d3539392c743d313336393932302c6b696e643d64617461,iv=a4a93b1370129c86ac49f9edbf394429;msg=9f0406a90faa727d0ad06fde6839b09abcef6a0bd765a62f9239a4c41d6c5acd;counter=599;t=1369920;kind=data,136
1372427,137,921.600,-27,8.0,69763d61616133653437303431363833393032636531336562336162643432643232632c6d73673d626137643035373439383334643939653663663066366433383936373662333536623964663966616163393737306565623739383332663161376230396131312c636f756e7465723d3630302c743d313337323138302c6b696e643d64617461,iv=aaa3e47041683902ce13eb3abd42d22c;msg=ba7d05749834d99e6cf0f6d389676b356b9df9faac9770eeb79832f1a7b09a11;counter=600;t=1372180;kind=data,136
1374684,137,921.600,-26,9.25,69763d32326235376234393064623061616130303665623365646634623166633639612c6d73673d663736666437363634366565313030376137366535353438356363666632646261313436376136653762366265643363356138656362376364613266663463632c636f756e7465723d3630312c743d313337343433372c6b696e643d64617461,iv=22b57b490db0aaa006eb3edf4b1fc69a;msg=f76fd76646ee1007a76e55485ccff2dba1467a6e7b6bed3c5a8ecb7cda2ff4cc;counter=601;t=1374437;kind=data,136
1376944,137,921.600,-27,9.25,69763d30333362616565323133333035373739303931373435653161653736316364652c6d73673d366139353139613938306434323763646235653339353930343736326337323864653866613332626161333630376165313462316362333362303366393530352c636f756e7465723d3630322c743d313337363639362c6b696e643d64617461,iv=033baee213305779091745e1ae761cde;msg=6a9519a980d427cdb5e395904762c728de8fa32baa3607ae14b1cb33b03f9505;counter=602;t=1376696;kind=data,136
1379201,137,921.600,-27,9.5,69763d30666531363830333834643638323036386430313135626532363731383031612c6d73673d396261623166623865633864386462303338386164326364316363353235363137363830313665653832333430313033303364626363343735393237376237392c636f756e7465723d3630332c743d313337383935342c6b696e643d64617461,iv=0fe1680384d682068d0115be2671801a;msg=9bab1fb8ec8d8db0388ad2cd1cc52561768016ee8234010303dbcc4759277b79;counter=603;t=1378954;kind=data,136
1381461,138,921.400,-26,8.25,69763d61653736383934373566323038326265343036373761376631346133383363642c6d73673d313436656563343535333132376133346266313133356331336435326336653036623535366663383534313032653564376438376235306564303935313034302c636f756e7465723d3630342c743d313338313231332c6b696e643d64617461,iv=ae7689475f2082be40677a7f14a383cd;msg=146eec4553127a34bf1135c13d52c6e06b556fc854102e5d7d87b50ed0951040;counter=604;t=1381213;kind=data,136
1383718,138,921.400,-27,8.5,69763d33626233323162656361346333383066623136396166383131376564636538312c6d73673d313930353762303766333863653032363065613064663034386534636437333439353033633063366465643464636637333836333830376635663632393737312c636f756e7465723d3630352c743d313338333437302c6b696e643d64617461,iv=3bb321beca4c380fb169af8117edce81;msg=19057b07f38ce0260ea0df048e4cd7349503c0c6ded4dcf73863807f5f629771;counter=605;t=1383470;kind=data,136
1385978,138,921.400,-27,9.5,69763d31643431646662303437346239313861393638366665316464353234383361612c6d73673d353335626636616162636466393234356437343366373463303637623134323065653765366331353631383335366533666536623130333463316638616239632c636f756e7465723d3630362c743d313338353733302c6b696e643d64617461,iv=1d41dfb0474b918a9686fe1dd52483aa;msg=535bf6aabcdf9245d743f74c067b1420ee7e6c15618356e3fe6b1034c1f8ab9c;counter=606;t=1385730;kind=data,136
1388235,138,921.400,-27,9.5,69763d33343532643531616332303863393239343337383165633161636236383732662c6d73673d616638306434383565393538366132626438393531353531383135363836643162386630316366386563353764313835656335386631643139343536306430612c636f756e7465723d3630372c743d313338373938372c6b696e643d64617461,iv=3452d51ac208c92943781ec1acb6872f;msg=af80d485e9586a2bd8951551815686d1b8f01cf8ec57d185ec58f1d194560d0a;counter=607;t=1387987;kind=data,136
1390495,139,923.400,-27,-0.25,69763d33303665313364316231363932643235656235643062653233383537373064612c6d73673d663130633434396161366233343166376465373263326465343834653335383031623536333662333638663130373839386234313436303531306637336365342c636f756e7465723d3630382c743d313339303234372c6b696e643d64617461,iv=306e13d1b1692d25eb5d0be2385770da;msg=f10c449aa6b341f7de72c2de484e35801b5636b368f107898b41460510f73ce4;counter=608;t=1390247;kind=data,136
1392752,139,923.400,-27,1.5,69763d38303864303536633830376136323865633865343437353030353535356633392c6d73673d343538626362323435653233663561313133353964343137623336616662383632363766643161356238336462316335373439616136346264343439323533642c636f756e7465723d3630392c743d313339323530342c6b696e643d64617461,iv=808d056c807a628ec8e4475005555f39;msg=458bcb245e23f5a11359d417b36afb86267fd1a5b83db1c5749aa64bd449253d;counter=609;t=1392504;kind=data,136
1395012,139,923.400,-29,0.75,69763d32623766326635346333363834636332306262363938303037326233323831652c6d73673d663039333766643632363666363533393734653835666136626136613266306535643337616632613731313539343564616338333431663330653061363531322c636f756e7465723d3631302c743d313339343736342c6b696e643d64617461,iv=2b7f2f54c3684cc20bb6980072b3281e;msg=f0937fd6266f653974e85fa6ba6a2f0e5d37af2a7115945dac8341f30e0a6512;counter=610;t=1394764;kind=data,136
1397269,139,923.400,-27,3.0,69763d61386436393337313962613434353166613239663631663135313665393238612c6d73673d336539343431636364663337613936343961663338383032393239333433306131356438393432666430613938363539366530373135303661313763393037382c636f756e7465723d3631312c743d313339373032312c6b696e643d64617461,iv=a8d693719ba4451fa29f61f1516e928a;msg=3e9441ccdf37a9649af388029293430a15d8942fd0a986596e071506a17c9078;counter=611;t=1397021;kind=data,136
1399529,139,923.400,-28,2.5,69763d32353634323539343466393139303766613064316630663265653035343464372c6d73673d396432663065356464653362336530353931663766343066636364303330313334353732373930636233613762326435363165356463393165623163323837332c636f756e7465723d3631322c743d313339393238312c6b696e643d64617461,iv=256425944f91907fa0d1f0f2ee0544d7;msg=9d2f0e5dde3b3e0591f7f40fccd030134572790cb3a7b2d561e5dc91eb1c2873;counter=612;t=1399281;kind=data,136
1401786,140,923.200,-27,1.5,69763d63636237343931646362373563646234313166616464656637663731336362332c6d73673d633861323236323266366563623938656366396130313561623139303163363730383961653435653662336463313332356437353531653264393536316330632c636f756e7465723d3631332c743d313430313533382c6b696e643d64617461,iv=ccb7491dcb75cdb411faddef7f713cb3;msg=c8a22622f6ecb98ecf9a015ab1901c67089ae45e6b3dc1325d7551e2d9561c0c;counter=613;t=1401538;kind=data,136
1404046,140,923.200,-28,2.5,69763d37666266623037356464326462393333363166623831326534396561336163302c6d73673d646338623534656532613961636236333431366161373138353865633234383930346233383534366662376163383132366162356665633337313136313262322c636f756e7465723d3631342c743d313430333739382c6b696e643d64617461,iv=7fbfb075dd2db93361fb812e49ea3ac0;msg=dc8b54ee2a9acb63416aa71858ec248904b38546fb7ac8126ab5fec3711612b2;counter=614;t=1403798;kind=data,136
1406304,140,923.200,-27,5.0,69763d65373030386333343230333931636131636261626338323034386435306365362c6d73673d393634316261616464636461396161373837663832303938313563353762313837363930626435383438636565346637633932303635356635363762383436642c636f756e7465723d3631352c743d313430363035362c6b696e643d64617461,iv=e7008c3420391ca1cbabc82048d50ce6;msg=9641baaddcda9aa787f8209815c57b187690bd5848cee4f7c920655f567b846d;counter=615;t=1406056;kind=data,136
1408564,140,923.200,-28,4.75,69763d31626338336332653438376233313531306635646465373930636233366139392c6d73673d333465373431623334653536633039326131393731346431303762366665386161633163303561633664303535646461643839343636333835633933343666332c636f756e7465723d3631362c743d313430383331362c6b696e643d64617461,iv=1bc83c2e487b31510f5dde790cb36a99;msg=34e741b34e56c092a19714d107b6fe8aac1c05ac6d055ddad89466385c9346f3;counter=616;t=1408316;kind=data,136
1410821,141,920.800,-27,8.25,69763d30396337323062323231386462663630613665333464373335653362613161622c6d73673d646633353039353661326331616461623365376430353663633264313934343363666634613630663362393637633335326134616137643638303235613235342c636f756e7465723d3631372c743d313431303537332c6b696e643d64617461,iv=09c720b2218dbf60a6e34d735e3ba1ab;msg=df350956a2c1adab3e7d056cc2d19443cff4a60f3b967c352a4aa7d68025a254;counter=617;t=1410573;kind=data,136
1413081,141,920.800,-27,9.0,69763d37383061306663303037336164343439376562303538623837366530626364362c6d73673d313031623263656437383264373261353464613531353236343831643666363030386537646165626534363238313532396630313231303333303562366166352c636f756e7465723d3631382c743d313431323833332c6b696e643d64617461,iv=780a0fc0073ad4497eb058b876e0bcd6;msg=101b2ced782d72a54da51526481d6f6008e7daebe46281529f012103305b6af5;counter=618;t=1412833;kind=data,136
1415338,141,920.800,-27,10.0,69763d61303331663836633436316534626563663463353831386533653963616339382c6d73673d353430353832393663303830303965383035613537353231353033336132393439336630353563383032623362336664653466643239386336353239343261652c636f756e7465723d3631392c743d313431353039302c6b696e643d64617461,iv=a031f86c461e4becf4c5818e3e9cac98;msg=54058296c08009e805a575215033a29493f055c802b3b3fde4fd298c652942ae;counter=619;t=1415090;kind=data,136
1417599,141,920.800,-26,9.75,69763d65636364376330396339653532343463303934323065393461323535323733352c6d73673d623338663139353064353130616233356234303064323030643964633065376630336662663939373034613035323037373238616438306161633830313730622c636f756e7465723d3632302c743d313431373335302c6b696e643d64617461,iv=eccd7c09c9e5244c09420e94a2552735;msg=b38f1950d510ab35b400d200d9dc0e7f03fbf99704a05207728ad80aac80170b;counter=620;t=1417350;kind=data,136
1419856,141,920.800,-26,10.5,69763d35663665303765376438626233333634663565663162383136356137666366662c6d73673d303237373632363161323632343366663134333137393336343963303362663238303666343065336362626239363933316666336635643761663233633231322c636f756e7465723d3632312c743d313431393630382c6b696e643d64617461,iv=5f6e07e7d8bb3364f5ef1b8165a7fcff;msg=02776261a26243ff1431793649c03bf2806f40e3cbbb96931ff3f5d7af23c212;counter=621;t=1419608;kind=data,136
1422116,142,920.600,-27,9.5,69763d39323233343865616664643663653235653431336432316534316565623432632c6d73673d653834326364336331343536616336396364313337636566656166313231613735373439383963653236613365376166653238626164316232326463373862392c636f756e7465723d3632322c743d313432313836382c6b696e643d64617461,iv=922348eafdd6ce25e413d21e41eeb42c;msg=e842cd3c1456ac69cd137cefeaf121a7574989ce26a3e7afe28bad1b22dc78b9;counter=622;t=1421868;kind=data,136
1424374,142,920.600,-27,9.5,69763d66363638303132393762356238393035373230623537383364663439656361362c6d73673d346435323366316434316332383134643838363566376332396630356362323232656533383933653535306237353164643631643237363736343634353539302c636f756e7465723d3632332c743d313432343132352c6b696e643d64617461,iv=f66801297b5b8905720b5783df49eca6;msg=4d523f1d41c2814d8865f7c29f05cb222ee3893e550b751dd61d276764645590;counter=623;t=1424125;kind=data,136
1426634,142,920.600,-27,10.0,69763d31363438373362363161613465636463656532346236613835346634323932322c6d73673d333836626135386136663435636630366564396134646338386239623735306335343233306566333732353039363637316432343839373838343336386462662c636f756e7465723d3632342c743d313432363338362c6b696e643d64617461,iv=164873b61aa4ecdcee24b6a854f42922;msg=386ba58a6f45cf06ed9a4dc88b9b750c54230ef3725096671d24897884368dbf;counter=624;t=1426386;kind=data,136
1428895,142,920.600,-27,9.5,69763d30323466383361663838393365353965316230326663303438616362366263312c6d73673d376637303636306433356537313431643364653438336430303761313966353039656564353764323064313266623365666339363365626166383232303264362c636f756e7465723d3632352c743d313432383634332c6b696e643d64617461,iv=024f83af8893e59e1b02fc048acb6bc1;msg=7f70660d35e7141d3de483d007a19f509eed57d20d12fb3efc963ebaf82202d6;counter=625;t=1428643;kind=data,136
1431153,143,921.200,-26,9.75,69763d65363130663363626466323566626536633231313362363566663532623033302c6d73673d316336306162303261666665656539366536643035613261653137653431663634343932376132633262666438326563316435653236346632343934313464662c636f756e7465723d3632362c743d313433303930342c6b696e643d64617461,iv=e610f3cbdf25fbe6c2113b65ff52b030;msg=1c60ab02affeee96e6d05a2ae17e41f644927a2c2bfd82ec1d5e264f249414df;counter=626;t=1430904;kind=data,136
1433413,143,921.200,-26,10.0,69763d62303062313935373439313938333962666462393863313939393035623735642c6d73673d393133316439656166373830393763663935613837653463303739316434396132376234366335646632386366333235653430666631386662326334366165342c636f756e7465723d3632372c743d313433333136352c6b696e643d64617461,iv=b00b19574919839bfdb98c199905b75d;msg=9131d9eaf78097cf95a87e4c0791d49a27b46c5df28cf325e40ff18fb2c46ae4;counter=627;t=1433165;kind=data,136
1435671,143,921.200,-26,9.75,69763d38643831373938363834313265633236626439666235623866623836616430302c6d73673d383466643132636666396538336464623861363935373035633863383865353631643466383634356661373131333038323333383431356634623933626364622c636f756e7465723d3632382c743d313433353432322c6b696e643d64617461,iv=8d8179868412ec26bd9fb5b8fb86ad00;msg=84fd12cff9e83ddb8a695705c8c88e561d4f8645fa7113082338415f4b93bcdb;counter=628;t=1435422;kind=data,136
1437931,143,921.200,-27,10.0,69763d38386566333434343161333764633566666235633266643635646232356634302c6d73673d383231633432313461613961393564623031373133303364353933333638653939383761633866346132373437653539343037643462323262636162636635312c636f756e7465723d3632392c743d313433373638322c6b696e643d64617461,iv=88ef34441a37dc5ffb5c2fd65db25f40;msg=821c4214aa9a95db0171303d593368e9987ac8f4a2747e59407d4b22bcabcf51;counter=629;t=1437682;kind=data,136
1440189,143,921.200,-27,10.0,69763d31343836383261646433316431323130613634393466626531313239666363372c6d73673d323265623234346662653535646431633034306364373331646231333064373731373238373630633437376234323332396138383835333433336632656366332c636f756e7465723d3633302c743d313433393934302c6b696e643d64617461,iv=148682add31d1210a6494fbe1129fcc7;msg=22eb244fbe55dd1c040cd731db130d771728760c477b42329a88853433f2ecf3;counter=630;t=1439940;kind=data,136
1442449,144,921.000,-27,10.0,69763d63343961613366656464383764613635383861646564613639373338653766622c6d73673d313132643031396135663965393539626231343061386466373335393365646362386462626431303435396662356435306138313464633035306266373463352c636f756e7465723d3633312c743d313434323230302c6b696e643d64617461,iv=c49aa3fedd87da6588adeda69738e7fb;msg=112d019a5f9e959bb140a8df73593edcb8dbbd10459fb5d50a814dc050bf74c5;counter=631;t=1442200;kind=data,136
1444707,144,921.000,-26,9.5,69763d36663835366631373135383831623630333535376362663165316361366530392c6d73673d633061653233656163323531313636623938393065643939643736623136663762373264326164366339333634313830353335326632663037623330643835352c636f756e7465723d3633322c743d313434343435382c6b696e643d64617461,iv=6f856f1715881b603557cbf1e1ca6e09;msg=c0ae23eac251166b9890ed99d76b16f7b72d2ad6c93641805352f2f07b30d855;counter=632;t=1444458;kind=data,136
1446968,144,921.000,-27,9.75,69763d30333233613063663761373565326132343662343038646536346638306537632c6d73673d383663386532666466326663336633623338373930636461353631373134613166626565346665366361633032343933373363346661656561366239383633352c636f756e7465723d3633332c743d313434363731392c6b696e643d64617461,iv=0323a0cf7a75e2a246b408de64f80e7c;msg=86c8e2fdf2fc3f3b38790cda561714a1fbee4fe6cac0249373c4faeea6b98635;counter=633;t=1446719;kind=data,136
1449229,144,921.000,-28,10.25,69763d65663038383830613537383233663135303066316439346632303630313566652c6d73673d343765303561396139343139313239656462643833636465343563383138396138326433663832346466383266646266653431373630663838653261386563382c636f756e7465723d3633342c743d313434383937372c6b696e643d64617461,iv=ef08880a57823f1500f1d94f206015fe;msg=47e05a9a9419129edbd83cde45c8189a82d3f824df82fdbfe41760f88e2a8ec8;counter=634;t=1448977;kind=data,136
1451489,145,921.600,-27,10.0,69763d61363433306264636231393736306162386462663261623638386430313963652c6d73673d346335613136623362363766636461636235313138613730346432303335326436366265316532373531613630373737313033333165356662383033366432302c636f756e7465723d3633352c743d313435313234302c6b696e643d64617461,iv=a6430bdcb19760ab8dbf2ab688d019ce;msg=4c5a16b3b67fcdacb5118a704d20352d66be1e2751a6077710331e5fb8036d20;counter=635;t=1451240;kind=data,136
1453749,145,921.600,-27,8.25,69763d65323536346236623735326561336430653631323264633738396138653965642c6d73673d633662626462376239313666313665396366613565306661396266653937363739363235353335366532363830303939333338623731326134656635303032382c636f756e7465723d3633362c743d313435333530302c6b696e643d64617461,iv=e2564b6b752ea3d0e6122dc789a8e9ed;msg=c6bbdb7b916f16e9cfa5e0fa9bfe976796255356e2680099338b712a4ef50028;counter=636;t=1453500;kind=data,136
1456007,145,921.600,-27,6.0,69763d38373830393239623231656531363430383931303430326336376661343966372c6d73673d306434666661393464663564643566323762376639656664333464396430356161353630643661646366303435343739306264376331306133653139633034382c636f756e7465723d3633372c743d313435353735382c6b696e643d64617461,iv=8780929b21ee16408910402c67fa49f7;msg=0d4ffa94df5dd5f27b7f9efd34d9d05aa560d6adcf0454790bd7c10a3e19c048;counter=637;t=1455758;kind=data,136
1458268,145,921.600,-27,8.75,69763d30616233396630343363393961646363396366346461346638656531336230312c6d73673d646137343531313735316632666463613862356631386132366662376661656165396332306230626134323337373935636638303036356137643434326363362c636f756e7465723d3633382c743d313435383031392c6b696e643d64617461,iv=0ab39f043c99adcc9cf4da4f8ee13b01;msg=da74511751f2fdca8b5f18a26fb7faeae9c20b0ba4237795cf80065a7d442cc6;counter=638;t=1458019;kind=data,136
1460526,146,921.400,-27,9.75,69763d37353663663539643239643861366462396462636336366134616135643234662c6d73673d386630643337343635613339666664353838333864306662306632373239346230326530353362396332633231636232353236326135373161303465633536342c636f756e7465723d3633392c743d313436303237372c6b696e643d64617461,iv=756cf59d29d8a6db9dbcc66a4aa5d24f;msg=8f0d37465a39ffd58838d0fb0f27294b02e053b9c2c21cb25262a571a04ec564;counter=639;t=1460277;kind=data,136
1462787,146,921.400,-27,9.25,69763d61643764326434663638346662383662636539623032376530623366343362332c6d73673d366362643461653463643239383933306430303339666361303633373563366534306266633061386435656666646331316138313239386536346339613231312c636f756e7465723d3634302c743d313436323533382c6b696e643d64617461,iv=ad7d2d4f684fb86bce9b027e0b3f43b3;msg=6cbd4ae4cd298930d0039fca06375c6e40bfc0a8d5effdc11a81298e64c9a211;counter=640;t=1462538;kind=data,136
1465047,146,921.400,-27,9.5,69763d36393739333961383563373163633036613362333931623736626332353664652c6d73673d353964323530663030333833346337383862356638646135343164656565666539663935636339656363663864303235646231383039346165643033626332622c636f756e7465723d3634312c743d313436343739362c6b696e643d64617461,iv=697939a85c71cc06a3b391b76bc256de;msg=59d250f003834c788b5f8da541deeefe9f95cc9eccf8d025db18094aed03bc2b;counter=641;t=1464796;kind=data,136
1467308,146,921.400,-27,9.25,69763d65643232313437343232333361663965353531613137363335666666376530352c6d73673d363033623162346430306130616437383137383936663939623462333463346634383131306331653262613137326631633365396364656632656539663864392c636f756e7465723d3634322c743d313436373035392c6b696e643d64617461,iv=ed2214742233af9e551a17635fff7e05;msg=603b1b4d00a0ad7817896f99b4b34c4f48110c1e2ba172f1c3e9cdef2ee9f8d9;counter=642;t=1467059;kind=data,136
1469569,146,921.400,-27,8.5,69763d66363233346635656463383337646231356336653666343464663935626266342c6d73673d653232336564633739326336636566333737383764643035353662396666633234626439363339633834393361313162666338323336366234653661376235382c636f756e7465723d3634332c743d313436393331392c6b696e643d64617461,iv=f6234f5edc837db15c6e6f44df95bbf4;msg=e223edc792c6cef37787dd0556b9ffc24bd9639c8493a11bfc82366b4e6a7b58;counter=643;t=1469319;kind=data,136
1471827,147,923.400,-27,3.5,69763d65623861653566613030366362303431663434626237343665393234643832322c6d73673d336437656639396234663762373532383166363531313065666634613335353736386130663137336237343730323462626661313933336338343234306638362c636f756e7465723d3634342c743d313437313537382c6b696e643d64617461,iv=eb8ae5fa006cb041f44bb746e924d822;msg=3d7ef99b4f7b75281f65110eff4a355768a0f173b747024bbfa1933c84240f86;counter=644;t=1471578;kind=data,136
1474088,147,923.400,-28,-1.0,69763d30363733316364663030656231613666346331643865383332363662346432312c6d73673d616632646664373533303837383731626539636234323961376666623635633438383165613134376635306635333334313932323831333338383534366366642c636f756e7465723d3634352c743d313437333833392c6b696e643d64617461,iv=06731cdf00eb1a6f4c1d8e83266b4d21;msg=af2dfd753087871be9cb429a7ffb65c4881ea147f50f53341922813388546cfd;counter=645;t=1473839;kind=data,136
1478607,147,923.400,-27,2.75,69763d64383265623766303637336330363966353762393737323965363439626266382c6d73673d363161326365333439613836343231363766393466363063363536313334383761653262653230316337303039343862633336383162373534386632663539322c636f756e7465723d3634372c743d313437383335382c6b696e643d64617461,iv=d82eb7f0673c069f57b97729e649bbf8;msg=61a2ce349a8642167f94f60c65613487ae2be201c700948bc3681b7548f2f592;counter=647;t=1478358;kind=data,136
1480870,148,923.200,-27,4.5,69763d62323936656665656532316563393734616131666162353331636462353265662c6d73673d623239313561396334323937303033306634396238313536303733316436633639323830653430363665316530663764383233343838656638666131333636342c636f756e7465723d3634382c743d313438303631382c6b696e643d64617461,iv=b296efeee21ec974aa1fab531cdb52ef;msg=b2915a9c42970030f49b81560731d6c69280e4066e1e0f7d823488ef8fa13664;counter=648;t=1480618;kind=data,136
1483126,148,923.200,-26,5.5,69763d30363066643430303133303561636633373164376130396661383734616639622c6d73673d383438323762636362353563373834613736376534343061323066336138346138356635316531333533616166643639623135323639666530393433613765382c636f756e7465723d3634392c743d313438323837372c6b696e643d64617461,iv=060fd4001305acf371d7a09fa874af9b;msg=84827bccb55c784a767e440a20f3a84a85f51e1353aafd69b15269fe0943a7e8;counter=649;t=1482877;kind=data,136
1485387,148,923.200,-27,1.5,69763d66623738373031383138646666653364373736663135323336376532323432302c6d73673d396636306338626265373938323363363639386134633362623935656461343339356262636638636132663764343363633666386636613034363131356530642c636f756e7465723d3635302c743d313438353133382c6b696e643d64617461,iv=fb78701818dffe3d776f152367e22420;msg=9f60c8bbe79823c6698a4c3bb95eda4395bbcf8ca2f7d43cc6f8f6a046115e0d;counter=650;t=1485138;kind=data,136
1489907,148,923.200,-27,4.0,69763d66393832646139396364626161616162646561643562373835346338646563372c6d73673d626662346536316366636266333565383631623166363338373962613937333033316537386534663432363563313031653663303930343539336438373837352c636f756e7465723d3635322c743d313438393635372c6b696e643d64617461,iv=f982da99cdbaaaabdead5b7854c8dec7;msg=bfb4e61cfcbf35e861b1f63879ba973031e78e4f4265c101e6c0904593d87875;counter=652;t=1489657;kind=data,136
1492168,149,920.800,-27,10.25,69763d65373734306530323439643566393730646334353931646461656262643766352c6d73673d303531306665633062303364373330316162623762633931373032663831646633306137336263313865613066653735656463306337623030306662303961312c636f756e7465723d3635332c743d313439313931382c6b696e643d64617461,iv=e7740e0249d5f970dc4591ddaebbd7f5;msg=0510fec0b03d7301abb7bc91702f81df30a73bc18ea0fe75edc0c7b000fb09a1;counter=653;t=1491918;kind=data,136
1494426,149,920.800,-27,9.5,69763d64366439353761363965343732663232653836313165373238323933386237632c6d73673d336463333438613261393631363264616435633266326135373964383432356533323036303638336535663535373064626637643537303861303562373465332c636f756e7465723d3635342c743d313439343137362c6b696e643d64617461,iv=d6d957a69e472f22e8611e7282938b7c;msg=3dc348a2a96162dad5c2f2a579d8425e32060683e5f5570dbf7d5708a05b74e3;counter=654;t=1494176;kind=data,136
1496687,149,920.800,-27,10.75,69763d63383435623538643534323266306633633038333039663037326131656532312c6d73673d303438333165356462646566303932376132313664383361343739333534383639353464613331353839316361383835346533353364353032346166303832622c636f756e7465723d3635352c743d313439363433372c6b696e643d64617461,iv=c845b58d5422f0f3c08309f072a1ee21;msg=04831e5dbdef0927a216d83a47935486954da315891ca8854e353d5024af082b;counter=655;t=1496437;kind=data,136
1498945,149,920.800,-27,10.25,69763d34346265396436383131363436323262373331343863313738656237343463392c6d73673d663436396532323732623662643364313366373763613766323733323237393962343934373032316139376632626234633665373234616561616637373736372c636f756e7465723d3635362c743d313439383639362c6b696e643d64617461,iv=44be9d681164622b73148c178eb744c9;msg=f469e2272b6bd3d13f77ca7f27322799b4947021a97f2bb4c6e724aeaaf77767;counter=656;t=1498696;kind=data,136
1501207,150,920.600,-26,10.0,69763d62306232363134653763386661633234633731613836396533666430643837632c6d73673d393539386164626335666532393135333435663039376136383930623633623634613934396431303932653931623431653334313439346630373362636563322c636f756e7465723d3635372c743d313530303935372c6b696e643d64617461,iv=b0b2614e7c8fac24c71a869e3fd0d87c;msg=9598adbc5fe2915345f097a6890b63b64a949d1092e91b41e341494f073bcec2;counter=657;t=1500957;kind=data,136
1503468,150,920.600,-27,10.0,69763d39653462316436333532636535663738626437396339363531633965313930662c6d73673d346363303131336334303764383362373766623064323738333335353364396463393331646537636632326436633263323431373361613139323334366663372c636f756e7465723d3635382c743d313530333231382c6b696e643d64617461,iv=9e4b1d6352ce5f78bd79c9651c9e190f;msg=4cc0113c407d83b77fb0d27833553d9dc931de7cf22d6c2c24173aa192346fc7;counter=658;t=1503218;kind=data,136
1505727,150,920.600,-27,9.5,69763d37346533616537333666656633306437396164343038623262336362333964352c6d73673d663738623937316364303462653162393233366631343661376363356538633436633465326262383365663862383432653733613466386439343939646365392c636f756e7465723d3635392c743d313530353437362c6b696e643d64617461,iv=74e3ae736fef30d79ad408b2b3cb39d5;msg=f78b971cd04be1b9236f146a7cc5e8c46c4e2bb83ef8b842e73a4f8d9499dce9;counter=659;t=1505476;kind=data,136
1507988,150,920.600,-27,9.25,69763d63633838393639613261636666613538616336633736323631613361366534382c6d73673d653764653237366239323765383035343865383237323763636562353439316536613639656539643665356565336232323930393533326563303338323535622c636f756e7465723d3636302c743d313530373733382c6b696e643d64617461,iv=cc88969a2acffa58ac6c76261a3a6e48;msg=e7de276b927e80548e82727cceb5491e6a69ee9d6e5ee3b22909532ec038255b;counter=660;t=1507738;kind=data,136
1512508,151,921.200,-27,10.25,69763d33343435316262653939396236636539313136303065323437376337333332632c6d73673d646535303062643566383639623163396361353931396134626162613463663536383261326236646237656133303164653931633633396462626166666439362c636f756e7465723d3636322c743d313531323235382c6b696e643d64617461,iv=34451bbe999b6ce911600e2477c7332c;msg=de500bd5f869b1c9ca5919a4baba4cf5682a2b6db7ea301de91c639dbbaffd96;counter=662;t=1512258;kind=data,136
1514769,151,921.200,-27,9.25,69763d63653662646436663963653639333635646633336263343232636364383734642c6d73673d396561303364313832376639366430333662613164626238636630613432353739663631373533336161376639396338656266363938313432623936316634382c636f756e7465723d3636332c743d313531343531392c6b696e643d64617461,iv=ce6bdd6f9ce69365df33bc422ccd874d;msg=9ea03d1827f96d036ba1dbb8cf0a42579f617533aa7f99c8ebf698142b961f48;counter=663;t=1514519;kind=data,136
1517027,151,921.200,-26,10.25,69763d39303732326464346135393530656533616265363934653030303832393437312c6d73673d636435303532393862326636373365393439656333636132613363616131353230646239386237386236326430393036333630343133646531376634653861312c636f756e7465723d3636342c743d313531363737372c6b696e643d64617461,iv=90722dd4a5950ee3abe694e000829471;msg=cd505298b2f673e949ec3ca2a3caa1520db98b78b62d0906360413de17f4e8a1;counter=664;t=1516777;kind=data,136
1519289,151,921.200,-27,9.5,69763d61663932316563306363313462623636633331656430613935663734383663662c6d73673d636462613536613362383537373261633233343766666438323939333366623337663332376266663466336162346661353862353363653633343034613663312c636f756e7465723d3636352c743d313531393033392c6b696e643d64617461,iv=af921ec0cc14bb66c31ed0a95f7486cf;msg=cdba56a3b85772ac2347ffd829933fb37f327bff4f3ab4fa58b53ce63404a6c1;counter=665;t=1519039;kind=data,136
1521550,152,921.000,-27,10.0,69763d36363533643839346365383065336236343561366637626531633137346132372c6d73673d326133333931373737303138323539643465643932383066323735386131343839663934393731346632646564356535623439386131323130343366366464302c636f756e7465723d3636362c743d313532313330302c6b696e643d64617461,iv=6653d894ce80e3b645a6f7be1c174a27;msg=2a3391777018259d4ed9280f2758a1489f949714f2ded5e5b498a121043f6dd0;counter=666;t=1521300;kind=data,136
1523809,152,921.000,-27,10.0,69763d30623161643330623265383030353337303862396165636266656331343130662c6d73673d626339356337336432383730643334626662633131343336346262323235626534646263316166633332663966343661613239313563356433633062336639362c636f756e7465723d3636372c743d313532333535392c6b696e643d64617461,iv=0b1ad30b2e80053708b9aecbfec1410f;msg=bc95c73d2870d34bfbc114364bb225be4dbc1afc32f9f46aa2915c5d3c0b3f96;counter=667;t=1523559;kind=data,136
1526070,152,921.000,-27,10.0,69763d35643232396335336432643733653539643862303732643339623961313466302c6d73673d306363636437363733643831653263383865313763396133383230336466393538613862333337653130306539353933303833383634323466643535353835332c636f756e7465723d3636382c743d313532353832302c6b696e643d64617461,iv=5d229c53d2d73e59d8b072d39b9a14f0;msg=0cccd7673d81e2c88e17c9a38203df958a8b337e100e959308386424fd555853;counter=668;t=1525820;kind=data,136
1528332,152,921.000,-27,8.5,69763d35376161666565636663353061326431316439323961343766636330613238612c6d73673d636230383132333665633637646533303439656364376237363933383237626361313130663862653863623330613561346532323236316132386533323031612c636f756e7465723d3636392c743d313532383038312c6b696e643d64617461,iv=57aafeecfc50a2d11d929a47fcc0a28a;msg=cb081236ec67de3049ecd7b7693827bca110f8be8cb30a5a4e22261a28e3201a;counter=669;t=1528081;kind=data,136
1530591,153,921.600,-27,9.75,69763d30643766633231653733336438623037333663666535393132626663323765352c6d73673d333139653535393939656537336335653765303937616164326233623835393263626565616131363736656139366561643161363133333963333533666336302c636f756e7465723d3637302c743d313533303334302c6b696e643d64617461,iv=0d7fc21e733d8b0736cfe5912bfc27e5;msg=319e55999ee73c5e7e097aad2b3b8592cbeeaa1676ea96ead1a61339c353fc60;counter=670;t=1530340;kind=data,136
1532852,153,921.600,-27,8.75,69763d35636563396232633532336665313239383261386464613466616532313230632c6d73673d653037343734383463313630643538623066656263663432333434643465616138353765363661656631626639366265333438346464376430333432363433372c636f756e7465723d3637312c743d313533323630322c6b696e643d64617461,iv=5cec9b2c523fe12982a8dda4fae2120c;msg=e0747484c160d58b0febcf42344d4eaa857e66aef1bf96be3484dd7d03426437;counter=671;t=1532602;kind=data,136
1535114,153,921.600,-27,10.25,69763d66616363643535363262643462303739353133636636386338313032393636642c6d73673d613237633436653937303735303664663162326536656536393763336639623266306131323866623762646566613335626564633363623061353239653963372c636f756e7465723d3637322c743d313533343836332c6b696e643d64617461,iv=faccd5562bd4b079513cf68c8102966d;msg=a27c46e9707506df1b2e6ee697c3f9b2f0a128fb7bdefa35bedc3cb0a529e9c7;counter=672;t=1534863;kind=data,136
1537373,153,921.600,-27,8.75,69763d37396633333636333163366663626233303430623238363932393865646330372c6d73673d393933373664653061313032306532643331616130323263306164373465626231343933323238343139623132623639383361306434663030373334313538382c636f756e7465723d3637332c743d313533373132322c6b696e643d64617461,iv=79f336631c6fcbb3040b2869298edc07;msg=99376de0a1020e2d31aa022c0ad74ebb1493228419b12b6983a0d4f007341588;counter=673;t=1537122;kind=data,136
1539634,153,921.600,-26,9.75,69763d32376566633366323536663134626664316539396666373366653433323239322c6d73673d613434363064396435653664663764623534306631303434663939613961623661313235316133643361366233626235383239393464643136633762666462642c636f756e7465723d3637342c743d313533393338332c6b696e643d64617461,iv=27efc3f256f14bfd1e99ff73fe432292;msg=a4460d9d5e6df7db540f1044f99a9ab6a1251a3d3a6b3bb582994dd16c7bfdbd;counter=674;t=1539383;kind=data,136
1541898,154,921.400,-27,6.25,69763d35333364643238376564393835353235343531316562366533663137393430662c6d73673d396438303961366638646462363863363838313233313132613335343561633532323936326634366533346364663362303430656634643066326564666464362c636f756e7465723d3637352c743d313534313634352c6b696e643d64617461,iv=533dd287ed9855254511eb6e3f17940f;msg=9d809a6f8ddb68c688123112a3545ac522962f46e34cdf3b040ef4d0f2edfdd6;counter=675;t=1541645;kind=data,136
1544157,154,921.400,-27,9.75,69763d38383039646533396136396664366536633339313062343437363632393231332c6d73673d383965663866316435336431353238326639396162383766306638666366616139653962646361376638643935326337646434303164633864316238313364362c636f756e7465723d3637362c743d313534333930342c6b696e643d64617461,iv=8809de39a69fd6e6c3910b4476629213;msg=89ef8f1d53d15282f99ab87f0f8fcfaa9e9bdca7f8d952c7dd401dc8d1b813d6;counter=676;t=1543904;kind=data,136
1546416,154,921.400,-27,6.0,69763d38353634663263313433316436653266653464643536656464346337643564652c6d73673d306261656637386437623838373030346134366362323838346238646534663939363730323738393465313533616238623934656231616463303463373034652c636f756e7465723d3637372c743d313534363136362c6b696e643d64617461,iv=8564f2c1431d6e2fe4dd56edd4c7d5de;msg=0baef78d7b887004a46cb2884b8de4f9967027894e153ab8b94eb1adc04c704e;counter=677;t=1546166;kind=data,136
1548678,154,921.400,-27,9.25,69763d35333362303136633736383366653966396438663564623430333139383535392c6d73673d383237363363663439333362626634656435303163613132376463383165393630336638333264306330363631323265336134643935383639316133653135312c636f756e7465723d3637382c743d313534383432372c6b696e643d64617461,iv=533b016c7683fe9f9d8f5db403198559;msg=82763cf4933bbf4ed501ca127dc81e9603f832d0c066122e3a4d958691a3e151;counter=678;t=1548427;kind=data,136
1553199,155,923.400,-28,0.0,69763d33396437636462636562393465306366346166393032623531636564323064362c6d73673d333739323161653835393835616135363463353034373465386561363437666138383664333232373266323061343766393432343235616262363465333732372c636f756e7465723d3638302c743d313535323934382c6b696e643d64617461,iv=39d7cdbceb94e0cf4af902b51ced20d6;msg=37921ae85985aa564c50474e8ea647fa886d32272f20a47f942425abb64e3727;counter=680;t=1552948;kind=data,136
1555460,155,923.400,-28,1.5,69763d35616362376637326332316361353766623135666365623531316336626534342c6d73673d306464353539626231343262643631633934313033616632333061306237366136643663313534353265333631396265623835636565346536333461663035642c636f756e7465723d3638312c743d313535353230392c6b696e643d64617461,iv=5acb7f72c21ca57fb15fceb511c6be44;msg=0dd559bb142bd61c94103af230a0b76a6d6c15452e3619beb85cee4e634af05d;counter=681;t=1555209;kind=data,136
1557720,155,923.400,-27,4.25,69763d63336333373933383361366635623365313031363664316663666232653737312c6d73673d333464346634353463626334313061373337373132346434353631393633323062653836396537626431666566633263343162623161353138363331313565332c636f756e7465723d3638322c743d313535373436392c6b696e643d64617461,iv=c3c379383a6f5b3e10166d1fcfb2e771;msg=34d4f454cbc410a7377124d456196320be869e7bd1fefc2c41bb1a51863115e3;counter=682;t=1557469;kind=data,136
1559981,155,923.400,-28,2.5,69763d36393165316334333531636462646463636137616632303834373339366633622c6d73673d626438666538623264363161396565643930376534323062366161363433646538643336313638383665356234333862663935323932323862656139623738322c636f756e7465723d3638332c743d313535393733302c6b696e643d64617461,iv=691e1c4351cdbddcca7af20847396f3b;msg=bd8fe8b2d61a9eed907e420b6aa643de8d3616886e5b438bf9529228bea9b782;counter=683;t=1559730;kind=data,136
1562243,156,923.200,-26,-2.0,69763d63636432323661613735626463636335666164303839356366623761323732332c6d73673d396136616234396437353265613861323462643336383861646661373464653034333630316464616532343866303433643635636633636537386431656330342c636f756e7465723d3638342c743d313536313939322c6b696e643d64617461,iv=ccd226aa75bdccc5fad0895cfb7a2723;msg=9a6ab49d752ea8a24bd3688adfa74de043601ddae248f043d65cf3ce78d1ec04;counter=684;t=1561992;kind=data,136
1564503,156,923.200,-28,0.25,69763d65316436643335663932313231346630346139306666356239336364326265372c6d73673d623463623536303237663265663430393666373033623931306539303935386535613562653565653961323030306461363036643662613234616339613164382c636f756e7465723d3638352c743d313536343235312c6b696e643d64617461,iv=e1d6d35f921214f04a90ff5b93cd2be7;msg=b4cb56027f2ef4096f703b910e90958e5a5be5ee9a2000da606d6ba24ac9a1d8;counter=685;t=1564251;kind=data,136
1566765,156,923.200,-27,2.5,69763d34333366343564363434663436366364303537663630646661306332343134312c6d73673d316133303537343533383632363039376133343237653032636362303930323335376132663638333862356438326664643664646631393666663936643562362c636f756e7465723d3638362c743d313536363531332c6b696e643d64617461,iv=433f45d644f466cd057f60dfa0c24141;msg=1a30574538626097a3427e02ccb0902357a2f6838b5d82fdd6ddf196ff96d5b6;counter=686;t=1566513;kind=data,136
1569026,156,923.200,-27,1.5,69763d35316437653535623337633965656564356563386666373365326631393436302c6d73673d356638646463346634363535623436346331343338396436626539626338366237653131373634633066643064373839313036636662633038656637666634302c636f756e7465723d3638372c743d313536383737352c6b696e643d64617461,iv=51d7e55b37c9eeed5ec8ff73e2f19460;msg=5f8ddc4f4655b464c14389d6be9bc86b7e11764c0fd0d789106cfbc08ef7ff40;counter=687;t=1568775;kind=data,136
1571285,157,920.800,-26,7.75,69763d37326137613065373663336335646534643836653165386466333538363266392c6d73673d373634313264633731343366303134383839363561396439393962336538313861363231366562626532393265343435613031386131346435623531323338642c636f756e7465723d3638382c743d313537313033342c6b696e643d64617461,iv=72a7a0e76c3c5de4d86e1e8df35862f9;msg=76412dc7143f01488965a9d999b3e818a6216ebbe292e445a018a14d5b51238d;counter=688;t=1571034;kind=data,136
1573547,157,920.800,-26,10.0,69763d62383538643562663561353264623565663062383466653965666134323361302c6d73673d303761333563316463363330353661303461313231396637616631313464363136343832343337383531346463316561663732636239643961663230353066342c636f756e7465723d3638392c743d313537333239362c6b696e643d64617461,iv=b858d5bf5a52db5ef0b84fe9efa423a0;msg=07a35c1dc63056a04a1219f7af114d6164824378514dc1eaf72cb9d9af2050f4;counter=689;t=1573296;kind=data,136
1575809,157,920.800,-28,8.75,69763d66623437333666626164633434376565396339313331643663656238313838632c6d73673d383465393737666539343833363361373831363739353334313364313636366538633163373337616365303938653135343831633938613330666133376334372c636f756e7465723d3639302c743d313537353535382c6b696e643d64617461,iv=fb4736fbadc447ee9c9131d6ceb8188c;msg=84e977fe948363a78167953413d1666e8c1c737ace098e15481c98a30fa37c47;counter=690;t=1575558;kind=data,136
1578068,157,920.800,-26,9.0,69763d38333736376531376262306264663736613434373531353163616562333764642c6d73673d386261303264303433666534646239643835653637333335643463613039626364333365626666363831306439616431313338366436343433356136376339342c636f756e7465723d3639312c743d313537373831372c6b696e643d64617461,iv=83767e17bb0bdf76a4475151caeb37dd;msg=8ba02d043fe4db9d85e67335d4ca09bcd33ebff6810d9ad11386d64435a67c94;counter=691;t=1577817;kind=data,136
1582592,158,920.600,-26,9.5,69763d35386537616163376430653966643632616563323064616138626435306662322c6d73673d333634646165303232376261393862626134656235326333323666346438623430336363323031636165333732626661396333353061636263373536343031362c636f756e7465723d3639332c743d313538323334312c6b696e643d64617461,iv=58e7aac7d0e9fd62aec20daa8bd50fb2;msg=364dae0227ba98bba4eb52c326f4d8b403cc201cae372bfa9c350acbc7564016;counter=693;t=1582341;kind=data,136
1584855,158,920.600,-27,9.5,69763d65343762663335306564353533383933613261653436303539666666333161362c6d73673d633262663264386637626461313032323238316430363361623164626463666461353337653962653332303064396532396462353261623431323933663062662c636f756e7465723d3639342c743d313538343630302c6b696e643d64617461,iv=e47bf350ed553893a2ae46059fff31a6;msg=c2bf2d8f7bda1022281d063ab1dbdcfda537e9be3200d9e29db52ab41293f0bf;counter=694;t=1584600;kind=data,136
1587117,158,920.600,-26,10.0,69763d39643136336635316439626231666537616234663562303730653564313537382c6d73673d373865313235323831343034316664666463353635386264353236373038353435313935616339383666313161363064623533333261663233616666323732652c636f756e7465723d3639352c743d313538363836352c6b696e643d64617461,iv=9d163f51d9bb1fe7ab4f5b070e5d1578;msg=78e1252814041fdfdc5658bd526708545195ac986f11a60db5332af23aff272e;counter=695;t=1586865;kind=data,136
1589379,158,920.600,-26,9.75,69763d38636365313830653233393865356530303166303033396165636133623934332c6d73673d363761393234393462313534626439623332656263373532663563623230626137373239633139326362623861643261323136653166316531653239666134322c636f756e7465723d3639362c743d313538393132372c6b696e643d64617461,iv=8cce180e2398e5e001f0039aeca3b943;msg=67a92494b154bd9b32ebc752f5cb20ba7729c192cbb8ad2a216e1f1e1e29fa42;counter=696;t=1589127;kind=data,136
1591641,159,921.200,-26,9.5,69763d66356532353232636462343130376439653065333733313061356234623935372c6d73673d333536303037653161363931336239663862643131643335326166613038323663393236656437343961383466646133633332613165313239613666366461312c636f756e7465723d3639372c743d313539313338392c6b696e643d64617461,iv=f5e2522cdb4107d9e0e37310a5b4b957;msg=356007e1a6913b9f8bd11d352afa0826c926ed749a84fda3c32a1e129a6f6da1;counter=697;t=1591389;kind=data,136
1593900,159,921.200,-28,8.75,69763d39333433326161373533336165613739336366366161366134366166393132372c6d73673d633132313933383832613839303764656365383838356631383238393563666165613334366164316130386336373434396661303536646436653334323036622c636f756e7465723d3639382c743d313539333634392c6b696e643d64617461,iv=93432aa7533aea793cf6aa6a46af9127;msg=c12193882a8907dece8885f182895cfaea346ad1a08c67449fa056dd6e34206b;counter=698;t=1593649;kind=data,136
1596163,159,921.200,-27,10.25,69763d66386630616537363534393265643961383162313836373131303732643464392c6d73673d333936303865653335613036373236333462616663363366313464386164303331323864363764633764313562333862623531363563663864363465653365332c636f756e7465723d3639392c743d313539353931312c6b696e643d64617461,iv=f8f0ae765492ed9a81b186711072d4d9;msg=39608ee35a0672634bafc63f14d8ad03128d67dc7d15b38bb5165cf8d64ee3e3;counter=699;t=1595911;kind=data,136
1598425,159,921.200,-26,9.75,69763d62343336366461636166356636343138623935653238353936643331373165392c6d73673d346565303261326138623737663565343433333135393261376434626233373639356235383166376161373262396564623566376462633632306235633432382c636f756e7465723d3730302c743d313539383137332c6b696e643d64617461,iv=b4366dacaf5f6418b95e28596d3171e9;msg=4ee02a2a8b77f5e44331592a7d4bb37695b581f7aa72b9edb5f7dbc620b5c428;counter=700;t=1598173;kind=data,136
1600687,160,921.000,-28,10.25,69763d66393937343236653964326134393163393061616131663461343731306631622c6d73673d336534346435613262666630336238653130313764623130653532376331656561346639313535373366336430646665333234323939336631363765616638352c636f756e7465723d3730312c743d313630303433332c6b696e643d64617461,iv=f997426e9d2a491c90aaa1f4a4710f1b;msg=3e44d5a2bff03b8e1017db10e527c1eea4f915573f3d0dfe3242993f167eaf85;counter=701;t=1600433;kind=data,136
1602949,160,921.000,-27,10.25,69763d39366464386232366237336137653061653463656332666235323163323231352c6d73673d333330303233633333613639323765333065643863663963633136396661366132313333333865336434323135306264363164376561643339343232356161662c636f756e7465723d3730322c743d313630323639372c6b696e643d64617461,iv=96dd8b26b73a7e0ae4cec2fb521c2215;msg=330023c33a6927e30ed8cf9cc169fa6a213338e3d42150bd61d7ead394225aaf;counter=702;t=1602697;kind=data,136
1605211,160,921.000,-27,9.5,69763d38666537623363656639653564316130643763353235633164373961303432622c6d73673d383938353831383235646530613363303665616530633566633861663265356532333238653730323333626637326562613035383031356239366366376662322c636f756e7465723d3730332c743d313630343935392c6b696e643d64617461,iv=8fe7b3cef9e5d1a0d7c525c1d79a042b;msg=898581825de0a3c06eae0c5fc8af2e5e2328e70233bf72eba058015b96cf7fb2;counter=703;t=1604959;kind=data,136
1607475,160,921.000,-27,9.5,69763d63313561306566646132383335383638383931613634643839663836346634372c6d73673d313833663039363134353739376231343634343465643539336534353930623033333638376337356237643538623939333537333332396639303266303931662c636f756e7465723d3730342c743d313630373232312c6b696e643d64617461,iv=c15a0efda2835868891a64d89f864f47;msg=183f096145797b146444ed593e4590b033687c75b7d58b993573329f902f091f;counter=704;t=1607221;kind=data,136
1609733,160,921.000,-27,9.75,69763d38383439616565623234316161303031653337316430636635653430373333642c6d73673d343865393232653535393732643661323863323134623666633036393031303861323432646337336434393239303738643830393038653231373930663064382c636f756e7465723d3730352c743d313630393438312c6b696e643d64617461,iv=8849aeeb241aa001e371d0cf5e40733d;msg=48e922e55972d6a28c214b6fc0690108a242dc73d4929078d80908e21790f0d8;counter=705;t=1609481;kind=data,136
1611996,161,921.600,-27,9.0,69763d31313931623061623135333236306338336264376639623366356639393835342c6d73673d623235316361633135323730363438633736303232303461353431303839633935643163343665613261623139663866646634303663646433343530663031372c636f756e7465723d3730362c743d313631313734332c6b696e643d64617461,iv=1191b0ab153260c83bd7f9b3f5f99854;msg=b251cac15270648c7602204a541089c95d1c46ea2ab19f8fdf406cdd3450f017;counter=706;t=1611743;kind=data,136
1614258,161,921.600,-27,8.0,69763d38333630366131383763626333333637373766316636343638376339613836612c6d73673d323137633037633565656465633935373762383164343662376232646663626433626263316135346334643364336266613764633164656530303931343832612c636f756e7465723d3730372c743d313631343030362c6b696e643d64617461,iv=83606a187cbc336777f1f64687c9a86a;msg=217c07c5eedec9577b81d46b7b2dfcbd3bbc1a54c4d3d3bfa7dc1dee0091482a;counter=707;t=1614006;kind=data,136
1616521,161,921.600,-27,9.25,69763d63393461306230316433373339383138633830313662626563376137313134372c6d73673d393162643531636433333765623233646433343337623335343963343962353361383431616639623963393034616266663735383338353536303135663866622c636f756e7465723d3730382c743d313631363236382c6b696e643d64617461,iv=c94a0b01d3739818c8016bbec7a71147;msg=91bd51cd337eb23dd3437b3549c49b53a841af9b9c904abff75838556015f8fb;counter=708;t=1616268;kind=data,136
1618780,161,921.600,-27,9.75,69763d37656262333463336166396431393731623634633164303065366639613234302c6d73673d323662393961653635653734363437616338616131326133363863373363393763313362396534313664623566623333323836323134333037343735633265382c636f756e7465723d3730392c743d313631383532382c6b696e643d64617461,iv=7ebb34c3af9d1971b64c1d00e6f9a240;msg=26b99ae65e74647ac8aa12a368c73c97c13b9e416db5fb33286214307475c2e8;counter=709;t=1618528;kind=data,136
1621044,162,921.400,-27,9.0,69763d35306438343064323661656664653866326538613730393830373134616538302c6d73673d623132333565306365393633613263626666613536393563326337313361333438336238333239386463643162623031313936376366323035343937666362342c636f756e7465723d3731302c743d313632303739302c6b696e643d64617461,iv=50d840d26aefde8f2e8a70980714ae80;msg=b1235e0ce963a2cbffa5695c2c713a3483b83298dcd1bb011967cf205497fcb4;counter=710;t=1620790;kind=data,136
1623305,162,921.400,-27,9.75,69763d64356466633430323335613730303964356634386635373166643338653831662c6d73673d663061653033643130653863356434356161336135636561346364613966613331396336366262313765623939323862313538353564306662326334623438652c636f756e7465723d3731312c743d313632333035332c6b696e643d64617461,iv=d5dfc40235a7009d5f48f571fd38e81f;msg=f0ae03d10e8c5d45aa3a5cea4cda9fa319c66bb17eb9928b15855d0fb2c4b48e;counter=711;t=1623053;kind=data,136
1625568,162,921.400,-27,10.0,69763d31626332366131346262653164393639616631616335666433643737316639352c6d73673d303333383066646330346131623433326634333033396562326365636238396537336238343231383639343739356537663233396665656435313664393139392c636f756e7465723d3731322c743d313632353331352c6b696e643d64617461,iv=1bc26a14bbe1d969af1ac5fd3d771f95;msg=03380fdc04a1b432f43039eb2cecb89e73b84218694795e7f239feed516d9199;counter=712;t=1625315;kind=data,136
1627827,162,921.400,-26,9.0,69763d66616564323436366239663063623735653137393666373631643137326635662c6d73673d316266336139343337383434633030646264643263613130383935333837646336383038633063393136626432663131333861333031303339636463383330372c636f756e7465723d3731332c743d313632373537352c6b696e643d64617461,iv=faed2466b9f0cb75e1796f761d172f5f;msg=1bf3a9437844c00dbdd2ca10895387dc6808c0c916bd2f1138a301039cdc8307;counter=713;t=1627575;kind=data,136
1630090,162,921.400,-27,6.5,69763d61626138333361306563663531366362636466636464393838356534313437632c6d73673d303939613161316634656436353631353332333038303335666366303862313836383631386363333338653937393038303665636666626465623561663863342c636f756e7465723d3731342c743d313632393833372c6b696e643d64617461,iv=aba833a0ecf516cbcdfcdd9885e4147c;msg=099a1a1f4ed6561532308035fcf08b1868618cc338e9790806ecffbdeb5af8c4;counter=714;t=1629837;kind=data,136
1634615,163,923.400,-28,1.5,69763d62376136643037303439643534613330393562373932373765366162643963382c6d73673d343239356133303766653566326439386630386331353462623632653263356465353530353561373030373262313432323133313936303163613363633236662c636f756e7465723d3731362c743d313633343336332c6b696e643d64617461,iv=b7a6d07049d54a3095b79277e6abd9c8;msg=4295a307fe5f2d98f08c154bb62e2c5de55055a70072b14221319601ca3cc26f;counter=716;t=1634363;kind=data,136
1636875,163,923.400,-28,4.0,69763d30383537336631383036333765373430396134656563353134663064633336342c6d73673d376331663732343735663336313535333835303365663937626663613366613238613363313162323363623735616265663332363361306134383962366164652c636f756e7465723d3731372c743d313633363632332c6b696e643d64617461,iv=08573f180637e7409a4eec514f0dc364;msg=7c1f72475f3615538503ef97bfca3fa28a3c11b23cb75abef3263a0a489b6ade;counter=717;t=1636623;kind=data,136
1639138,163,923.400,-27,3.0,69763d62666336393665656338386261383637373139653133646263373538396336662c6d73673d643332313061626438383863306463636134633265663864373031326563636564393435353761333039326462376539653832656635353531363536653530302c636f756e7465723d3731382c743d313633383838352c6b696e643d64617461,iv=bfc696eec88ba867719e13dbc7589c6f;msg=d3210abd888c0dcca4c2ef8d7012ecced94557a3092db7e9e82ef5551656e500;counter=718;t=1638885;kind=data,136
1641401,164,923.200,-27,3.0,69763d32336537626266363062623431353737376662623064303761363464623038612c6d73673d306234343135336439613334653934366238313230643564383064613837393565623134393139633766623065333034623636313438346361623834376439622c636f756e7465723d3731392c743d313634313134382c6b696e643d64617461,iv=23e7bbf60bb415777fbb0d07a64db08a;msg=0b44153d9a34e946b8120d5d80da8795eb14919c7fb0e304b661484cab847d9b;counter=719;t=1641148;kind=data,136
1643663,164,923.200,-27,3.25,69763d38303765643830303038376536353736633934373639373330383237663166612c6d73673d356135356338316134373937663739643233616431613266363639356661623239653662623630363864303338636363663063323337303936393639613138662c636f756e7465723d3732302c743d313634333431312c6b696e643d64617461,iv=807ed800087e6576c94769730827f1fa;msg=5a55c81a4797f79d23ad1a2f6695fab29e6bb6068d038cccf0c237096969a18f;counter=720;t=1643411;kind=data,136
1645923,164,923.200,-27,3.75,69763d62303032656532383530313938306537316238303833323931643365363933662c6d73673d393138373665383532383563333138626236396362336239316137636138386161393934616461306239653031376262373932386462653034343066643838642c636f756e7465723d3732312c743d313634353637312c6b696e643d64617461,iv=b002ee28501980e71b8083291d3e693f;msg=91876e85285c318bb69cb3b91a7ca88aa994ada0b9e017bb7928dbe0440fd88d;counter=721;t=1645671;kind=data,136
1648186,164,923.200,-26,-1.5,69763d30383639646563353131613565646633383234363630613231343239386634342c6d73673d653232666330396532336331396561366264366464636566313831306635353232373565626530393630353465303030623439346531353663353361366239622c636f756e7465723d3732322c743d313634373933332c6b696e643d64617461,iv=0869dec511a5edf3824660a214298f44;msg=e22fc09e23c19ea6bd6ddcef1810f552275ebe096054e000b494e156c53a6b9b;counter=722;t=1647933;kind=data,136
1652712,165,920.800,-27,9.75,69763d39353931303036623464396137643064633139633365666266616363353933642c6d73673d643166623633343631376138366636653163363038616262316261333638316334346465396637306339313466326166656630303738363966343533303839382c636f756e7465723d3732342c743d313635323435392c6b696e643d64617461,iv=9591006b4d9a7d0dc19c3efbfacc593d;msg=d1fb634617a86f6e1c608abb1ba3681c44de9f70c914f2afef007869f4530898;counter=724;t=1652459;kind=data,136
1654975,165,920.800,-26,9.75,69763d34666139646266613966333534613239373639383538653132636638663065372c6d73673d353030633836373239383539646462303031353664663034333964666238633431333430633931313637303739383033353536393463633431613764316563362c636f756e7465723d3732352c743d313635343732322c6b696e643d64617461,iv=4fa9dbfa9f354a29769858e12cf8f0e7;msg=500c86729859ddb00156df0439dfb8c41340c9116707980355694cc41a7d1ec6;counter=725;t=1654722;kind=data,136
1657235,165,920.800,-27,9.5,69763d61616633643563396632303665393766666237626333653831383263613036342c6d73673d383438643238313835336466643631306562373361653230363962383539336434613664636539623432616662363964633538303666303861666634633137642c636f756e7465723d3732362c743d313635363938322c6b696e643d64617461,iv=aaf3d5c9f206e97ffb7bc3e8182ca064;msg=848d281853dfd610eb73ae2069b8593d4a6dce9b42afb69dc5806f08aff4c17d;counter=726;t=1656982;kind=data,136
1659498,165,920.800,-26,8.25,69763d63656136343163613562356230316562666438373531336532313066303434632c6d73673d323066353032396664306366623138376431393565396334623136326466326161333638333631356135363638323335323561633763353939396439326338642c636f756e7465723d3732372c743d313635393234352c6b696e643d64617461,iv=cea641ca5b5b01ebfd87513e210f044c;msg=20f5029fd0cfb187d195e9c4b162df2aa3683615a566823525ac7c5999d92c8d;counter=727;t=1659245;kind=data,136
1661761,166,920.600,-27,9.5,69763d33303337386163653065623166666434613832306638396436306538633633362c6d73673d376266373339626330623265653838363063663662376530653235363033323262616133633262326535393638656666623363616134346562656164653739662c636f756e7465723d3732382c743d313636313530382c6b696e643d64617461,iv=30378ace0eb1ffd4a820f89d60e8c636;msg=7bf739bc0b2ee8860cf6b7e0e2560322baa3c2b2e5968effb3caa44ebeade79f;counter=728;t=1661508;kind=data,136
1664024,166,920.600,-26,10.25,69763d34383435363432323232623532316138653835336331336238633530616361382c6d73673d616131653663303335303332633733633936363934633565323231616133376637646266643933363733666238643037633635393061393438623935303936322c636f756e7465723d3732392c743d313636333737312c6b696e643d64617461,iv=4845642222b521a8e853c13b8c50aca8;msg=aa1e6c035032c73c96694c5e221aa37f7dbfd93673fb8d07c6590a948b950962;counter=729;t=1663771;kind=data,136
1666287,166,920.600,-27,10.0,69763d63626630313838383235643066616139313961313236633635333538353030662c6d73673d653735646231376435383634633563623438623139353662376237373863653531316361633133336335306337343364653866653862663531663861633934322c636f756e7465723d3733302c743d313636363033312c6b696e643d64617461,iv=cbf0188825d0faa919a126c65358500f;msg=e75db17d5864c5cb48b1956b7b778ce511cac133c50c743de8fe8bf51f8ac942;counter=730;t=1666031;kind=data,136
1668550,166,920.600,-27,9.75,69763d39363135386230346338643137373331303838306461393032626432363534312c6d73673d393138636535636662663761303236363830313235313434396666636265346163396433643033393961613239333161353737666432353039323163333061612c636f756e7465723d3733312c743d313636383239372c6b696e643d64617461,iv=96158b04c8d177310880da902bd26541;msg=918ce5cfbf7a0266801251449ffcbe4ac9d3d0399aa2931a577fd250921c30aa;counter=731;t=1668297;kind=data,136
1670813,167,921.200,-27,8.0,69763d63633534313461626561383961623430313038303936626563326163353566372c6d73673d353561303762393637343831656361323838386537623661623132343461623830393663623039333062346531353064383036343536316136323064643336332c636f756e7465723d3733322c743d313637303536302c6b696e643d64617461,iv=cc5414abea89ab40108096bec2ac55f7;msg=55a07b967481eca2888e7b6ab1244ab8096cb0930b4e150d8064561a620dd363;counter=732;t=1670560;kind=data,136
1673076,167,921.200,-28,9.25,69763d37313465303532353734616634636265353233623732323061346531653765382c6d73673d356439613665633765653333643965383534303531333138626439623865623633336438376438336163666338386163333933373164353137616463663462342c636f756e7465723d3733332c743d313637323832332c6b696e643d64617461,iv=714e052574af4cbe523b7220a4e1e7e8;msg=5d9a6ec7ee33d9e854051318bd9b8eb633d87d83acfc88ac39371d517adcf4b4;counter=733;t=1672823;kind=data,136
1675339,167,921.200,-28,8.0,69763d33623465306530666337313365316366393837376131343964623430656439322c6d73673d653431386238613837363830663462376361666232386566636364336364626633393561613561336239366531373361353261383137343266643361383263372c636f756e7465723d3733342c743d313637353038362c6b696e643d64617461,iv=3b4e0e0fc713e1cf9877a149db40ed92;msg=e418b8a87680f4b7cafb28efccd3cdbf395aa5a3b96e173a52a81742fd3a82c7;counter=734;t=1675086;kind=data,136
1677603,167,921.200,-27,10.0,69763d36646637333931333964333235613530306464623933653565333163626430662c6d73673d626632313239306536383630353533333561356263636561303731336564333431353163313433303635623463663666326465326635646431343066343964382c636f756e7465723d3733352c743d313637373334362c6b696e643d64617461,iv=6df739139d325a500ddb93e5e31cbd0f;msg=bf21290e686055335a5bccea0713ed34151c143065b4cf6f2de2f5dd140f49d8;counter=735;t=1677346;kind=data,136
1679866,167,921.200,-26,9.75,69763d61366365333435663365353738373261343937383433333764373433316562372c6d73673d616637313635363763333531373735633530343831626561363537343363316566636362643764323065383137663933646439613432656163323862636132392c636f756e7465723d3733362c743d313637393631322c6b696e643d64617461,iv=a6ce345f3e57872a49784337d7431eb7;msg=af716567c351775c50481bea65743c1efccbd7d20e817f93dd9a42eac28bca29;counter=736;t=1679612;kind=data,136
1682128,168,921.000,-27,10.5,69763d65386336653231613539613630326430623034366633633563303563643933342c6d73673d343766336336336630323764646161356232393738313634633963356266383166313763323761613564396463363634343536333533653433353939356561662c636f756e7465723d3733372c743d313638313837352c6b696e643d64617461,iv=e8c6e21a59a602d0b046f3c5c05cd934;msg=47f3c63f027ddaa5b2978164c9c5bf81f17c27aa5d9dc664456353e435995eaf;counter=737;t=1681875;kind=data,136
1684392,168,921.000,-27,9.0,69763d37636465363538623838393038393235346131333637363038636664353331662c6d73673d353366643730663135373739343930303263663865353962323366346263633634356438643139626237663663336637326330363131616139383265323661342c636f756e7465723d3733382c743d313638343133382c6b696e643d64617461,iv=7cde658b889089254a1367608cfd531f;msg=53fd70f1577949002cf8e59b23f4bcc645d8d19bb7f6c3f72c0611aa982e26a4;counter=738;t=1684138;kind=data,136
1686655,168,921.000,-27,10.5,69763d61356261643332646232333738313366633932333232373835326462623861662c6d73673d663831353531336237326638373265386665616136643337306436623532363466613365303861646566383431633262386130323235336531626232613366392c636f756e7465723d3733392c743d313638363430312c6b696e643d64617461,iv=a5bad32db237813fc923227852dbb8af;msg=f815513b72f872e8feaa6d370d6b5264fa3e08adef841c2b8a02253e1bb2a3f9;counter=739;t=1686401;kind=data,136
1688917,168,921.000,-27,9.5,69763d32313134633434636566306566336463653432623338313833643662376162322c6d73673d326666356261393634356333643061383866626564363564623161303664363961333763646666386634643562376166376435333335383632363832656364342c636f756e7465723d3734302c743d313638383636342c6b696e643d64617461,iv=2114c44cef0ef3dce42b38183d6b7ab2;msg=2ff5ba9645c3d0a88fbed65db1a06d69a37cdff8f4d5b7af7d5335862682ecd4;counter=740;t=1688664;kind=data,136
1691178,169,921.600,-27,9.0,69763d65383632616130356462303565386161353465613135333638333038643835662c6d73673d313630376631373433633761666132373939323730383830393736613839336262393135363231653761316463306434393266656165646266343563386166642c636f756e7465723d3734312c743d313639303932352c6b696e643d64617461,iv=e862aa05db05e8aa54ea15368308d85f;msg=1607f1743c7afa2799270880976a893bb915621e7a1dc0d492feaedbf45c8afd;counter=741;t=1690925;kind=data,136
1693442,169,921.600,-27,8.25,69763d37313465303838316336623235396530663339626234396238303862326563302c6d73673d643033366662646632633561333061643261333638353865316632373636646138366366393863386465383338653861393238363638626537343330366134322c636f756e7465723d3734322c743d313639333138382c6b696e643d64617461,iv=714e0881c6b259e0f39bb49b808b2ec0;msg=d036fbdf2c5a30ad2a36858e1f2766da86cf98c8de838e8a928668be74306a42;counter=742;t=1693188;kind=data,136
1695705,169,921.600,-27,9.5,69763d61303965346162656261346631353236353533356134646163373731653665392c6d73673d623762346334386538373335363739633937336335633030653235616662373736313664356436326262623337316233303265313934356436363139353465392c636f756e7465723d3734332c743d313639353435312c6b696e643d64617461,iv=a09e4abeba4f15265535a4dac771e6e9;msg=b7b4c48e8735679c973c5c00e25afb77616d5d62bbb371b302e1945d661954e9;counter=743;t=1695451;kind=data,136
1697968,169,921.600,-27,7.75,69763d33323234396264303432613937633435613735616261353965303835366135612c6d73673d666635333965653737623266353238613161356130653766626433636431346336326566616638333834306530323963356164653730393137663066336530302c636f756e7465723d3734342c743d313639373731342c6b696e643d64617461,iv=32249bd042a97c45a75aba59e0856a5a;msg=ff539ee77b2f528a1a5a0e7fbd3cd14c62efaf83840e029c5ade70917f0f3e00;counter=744;t=1697714;kind=data,136
1700231,169,921.600,-27,8.75,69763d31393439313563643265323863303330373533333464323532636239383930372c6d73673d326333373762316661346364643037663636303566643963363331376231366365363366663436613938353664656164313233396139373237363362323762612c636f756e7465723d3734352c743d313639393937372c6b696e643d64617461,iv=194915cd2e28c03075334d252cb98907;msg=2c377b1fa4cdd07f6605fd9c6317b16ce63ff46a9856dead1239a972763b27ba;counter=745;t=1699977;kind=data,136
1702495,170,921.400,-27,8.5,69763d65336266646531336631323463346661323662373536363634353031373863312c6d73673d313731346161383838333033616466313330663262633661623139323333303335656439623031636235323663623039393430653537373633303031313932392c636f756e7465723d3734362c743d313730323233382c6b696e643d64617461,iv=e3bfde13f124c4fa26b75666450178c1;msg=1714aa888303adf130f2bc6ab19233035ed9b01cb526cb09940e577630011929;counter=746;t=1702238;kind=data,136
1704758,170,921.400,-26,8.75,69763d65303261383666643632333834353462656331633961646235383835303333622c6d73673d653036373662366633626130383131363565636534626134636666653230346166616562383236393065666461373933366165646132643964376435313238382c636f756e7465723d3734372c743d313730343530342c6b696e643d64617461,iv=e02a86fd6238454bec1c9adb5885033b;msg=e0676b6f3ba081165ece4ba4cffe204afaeb82690efda7936aeda2d9d7d51288;counter=747;t=1704504;kind=data,136
1707022,170,921.400,-27,9.75,69763d64626537313861306666373164353637343633336361653461656337326666312c6d73673d656262633265396237383062323137363131363233373935643430643233373964323339396137666635383961663065323561643132396166316637616462642c636f756e7465723d3734382c743d313730363736372c6b696e643d64617461,iv=dbe718a0ff71d5674633cae4aec72ff1;msg=ebbc2e9b780b217611623795d40d2379d2399a7ff589af0e25ad129af1f7adbd;counter=748;t=1706767;kind=data,136
1709285,170,921.400,-27,9.0,69763d39636335323030663865613232396562353230363436346231626239323962312c6d73673d656135376234396666386161653632356337393638613239646663373831356238313033656331393630316466376238646432636562633564633162643237662c636f756e7465723d3734392c743d313730393033312c6b696e643d64617461,iv=9cc5200f8ea229eb5206464b1bb929b1;msg=ea57b49ff8aae625c7968a29dfc7815b8103ec19601df7b8dd2cebc5dc1bd27f;counter=749;t=1709031;kind=data,136
1713812,171,923.400,-27,2.0,69763d62386439323161616138383564633934303661306133643066613561386134612c6d73673d663534306633623161616632303535663832343033316363663865333761316465393439343332336130336634323835303464643235663562386165303063392c636f756e7465723d3735312c743d313731333535382c6b696e643d64617461,iv=b8d921aaa885dc9406a0a3d0fa5a8a4a;msg=f540f3b1aaf2055f824031ccf8e37a1de9494323a03f428504dd25f5b8ae00c9;counter=751;t=1713558;kind=data,136
1716076,171,923.400,-26,-0.5,69763d33313866383664306465633962386635373762626330306635623063303366302c6d73673d306161303236363237343932303035303838646465633965393365326632643938313132643664653933653338363438363238353834393966666461353264332c636f756e7465723d3735322c743d313731353832312c6b696e643d64617461,iv=318f86d0dec9b8f577bbc00f5b0c03f0;msg=0aa026627492005088ddec9e93e2f2d98112d6de93e3864862858499ffda52d3;counter=752;t=1715821;kind=data,136
1718337,171,923.400,-27,0.75,69763d34653366656264663638383333366366356530643032323139623435313861312c6d73673d653038633233656434643332666565643363666235373634393334646233636535343738666439303733366364393730346231363936616631323330323565652c636f756e7465723d3735332c743d313731383038322c6b696e643d64617461,iv=4e3febdf688336cf5e0d02219b4518a1;msg=e08c23ed4d32feed3cfb5764934db3ce5478fd90736cd9704b1696af123025ee;counter=753;t=1718082;kind=data,136
1722864,172,923.200,-27,1.25,69763d30366135633130386366356439373636356666616136633066653231353662662c6d73673d626461616333326562653835363231316234663666336164346132363864313639623564636338313632373665366164333835373032613635616663396339372c636f756e7465723d3735352c743d313732323631302c6b696e643d64617461,iv=06a5c108cf5d97665ffaa6c0fe2156bf;msg=bdaac32ebe856211b4f6f3ad4a268d169b5dcc816276e6ad385702a65afc9c97;counter=755;t=1722610;kind=data,136
1725127,172,923.200,-28,4.25,69763d34383539356632616331333463363066333031633963323464616534663164342c6d73673d316563366534613339626232623634303831303933623065633463653662623362343236343230653163396462653531353439336535333938623263353462622c636f756e7465723d3735362c743d313732343837332c6b696e643d64617461,iv=48595f2ac134c60f301c9c24dae4f1d4;msg=1ec6e4a39bb2b64081093b0ec4ce6bb3b426420e1c9dbe515493e5398b2c54bb;counter=756;t=1724873;kind=data,136
1727391,172,923.200,-29,0.5,69763d35666466323938363037386338386162363964646437653964613563643034392c6d73673d336237323261313162643532306633313166356366373933646533336436343936346665616362386338623336363935633966383135623538643863326263322c636f756e7465723d3735372c743d313732373133372c6b696e643d64617461,iv=5fdf2986078c88ab69ddd7e9da5cd049;msg=3b722a11bd520f311f5cf793de33d64964feacb8c8b36695c9f815b58d8c2bc2;counter=757;t=1727137;kind=data,136
1729655,172,923.200,-27,3.75,69763d37316333663164313466613061653836396162336262343661333639646437322c6d73673d343136313430613534306363333138343631323032396236613838613262363566306566653634316464393033663665323037306333316439336663356465332c636f756e7465723d3735382c743d313732393430302c6b696e643d64617461,iv=71c3f1d14fa0ae869ab3bb46a369dd72;msg=416140a540cc3184612029b6a88a2b65f0efe641dd903f6e2070c31d93fc5de3;counter=758;t=1729400;kind=data,136
1731918,173,920.800,-27,9.25,69763d63373535316263653031623134376239623534393135633035636531313661352c6d73673d656337333638303263333364616633626364353137656539626264343832376233376534643533633862323738653535363064646566633834333032616339622c636f756e7465723d3735392c743d313733313636312c6b696e643d64617461,iv=c7551bce01b147b9b54915c05ce116a5;msg=ec736802c33daf3bcd517ee9bbd4827b37e4d53c8b278e5560ddefc84302ac9b;counter=759;t=1731661;kind=data,136
1734182,173,920.800,-27,9.5,69763d37616364633639346130376533323331393035363166373536616537646361632c6d73673d363938666665623735646535636265356530663436626634656133376230323638373562363464343762653236623033363037303061656561656261306162302c636f756e7465723d3736302c743d313733333932382c6b696e643d64617461,iv=7acdc694a07e323190561f756ae7dcac;msg=698ffeb75de5cbe5e0f46bf4ea37b026875b64d47be26b0360700aeeaeba0ab0;counter=760;t=1733928;kind=data,136
1736446,173,920.800,-27,10.0,69763d38306532666639613831396437333064313761366662333836373232376531302c6d73673d643039376439663665643334326562643365326131626464643532653131363535386239393461636236333063313035346362313064356262346636393061622c636f756e7465723d3736312c743d313733363139312c6b696e643d64617461,iv=80e2ff9a819d730d17a6fb3867227e10;msg=d097d9f6ed342ebd3e2a1bddd52e116558b994acb630c1054cb10d5bb4f690ab;counter=761;t=1736191;kind=data,136
1738709,173,920.800,-27,9.5,69763d35376161666364303464336666333166366133626665366131616532663135332c6d73673d663430663265366330663939393833626663343839316566623366343833396431613932633334333631613138613365643631313465646164666264376262392c636f756e7465723d3736322c743d313733383435352c6b696e643d64617461,iv=57aafcd04d3ff31f6a3bfe6a1ae2f153;msg=f40f2e6c0f99983bfc4891efb3f4839d1a92c34361a18a3ed6114edadfbd7bb9;counter=762;t=1738455;kind=data,136
1740973,174,920.600,-27,9.5,69763d64333134333261363237383261396333626664363236666661366231366461622c6d73673d353065663639646463356631373339343037333632396136643336333537613961383262656132396665343332366665336434393433373865613633633333612c636f756e7465723d3736332c743d313734303731392c6b696e643d64617461,iv=d31432a62782a9c3bfd626ffa6b16dab;msg=50ef69ddc5f17394073629a6d36357a9a82bea29fe4326fe3d494378ea63c33a;counter=763;t=1740719;kind=data,136
1743237,174,920.600,-26,9.75,69763d66623134313837393239613038303565383331626230623532386463363564322c6d73673d363265313465646535643137656564666438363137636330373437626339663962656130653831626434383831656564633734346536373536633937316237372c636f756e7465723d3736342c743d313734323938322c6b696e643d64617461,iv=fb14187929a0805e831bb0b528dc65d2;msg=62e14ede5d17eedfd8617cc0747bc9f9bea0e81bd4881eedc744e6756c971b77;counter=764;t=1742982;kind=data,136
1745501,174,920.600,-26,11.25,69763d36643566373733356465633436626339373463383035616432373336346431382c6d73673d646637633336366164363739346131356334386466383837393761356137343136626362313466636538356430623630626638353531346162663635353131642c636f756e7465723d3736352c743d313734353234362c6b696e643d64617461,iv=6d5f7735dec46bc974c805ad27364d18;msg=df7c366ad6794a15c48df88797a5a7416bcb14fce85d0b60bf85514abf65511d;counter=765;t=1745246;kind=data,136
1747765,174,920.600,-27,9.75,69763d34393631396231333832323439383162323034366135363731356363616631652c6d73673d396634663561663138313235306639663562393861336230653935316535393331646538386338316462643163623361316463626531346432303431333338382c636f756e7465723d3736362c743d313734373531302c6b696e643d64617461,iv=49619b138224981b2046a56715ccaf1e;msg=9f4f5af181250f9f5b98a3b0e951e5931de88c81dbd1cb3a1dcbe14d20413388;counter=766;t=1747510;kind=data,136
1750029,174,920.600,-27,9.5,69763d38346462346162356337313232626230383865643861393534633637633336642c6d73673d613263313335343762613462366630343730653235663439663735633831633664623731333465373030623130626537616361306532373963303539663135612c636f756e7465723d3736372c743d313734393737322c6b696e643d64617461,iv=84db4ab5c7122bb088ed8a954c67c36d;msg=a2c13547ba4b6f0470e25f49f75c81c6db7134e700b10be7aca0e279c059f15a;counter=767;t=1749772;kind=data,136
1752293,175,921.200,-27,8.25,69763d30663764323336663638363961306461373963353334316339643361306337382c6d73673d366337383235303937643831373338313337613365333965613362616333656638396538346262623337396439656164643464303934636131323237653461382c636f756e7465723d3736382c743d313735323033382c6b696e643d64617461,iv=0f7d236f6869a0da79c5341c9d3a0c78;msg=6c7825097d81738137a3e39ea3bac3ef89e84bbb379d9eadd4d094ca1227e4a8;counter=768;t=1752038;kind=data,136
1754556,175,921.200,-27,10.25,69763d34666365656239323933666433393661343532383939646530636239616562342c6d73673d353565636663663066363063333463663762303065363237633239636533666137306434623666363335323238626139353164366236653366306365333963382c636f756e7465723d3736392c743d313735343330322c6b696e643d64617461,iv=4fceeb9293fd396a452899de0cb9aeb4;msg=55ecfcf0f60c34cf7b00e627c29ce3fa70d4b6f635228ba951d6b6e3f0ce39c8;counter=769;t=1754302;kind=data,136
1756820,175,921.200,-27,10.0,69763d33323433316432636364346134353639666636353262613032333035376465632c6d73673d666364383539643463346366303830643335623964363532333536663036393730323338646535313839333033646261643561386332636162613536303234652c636f756e7465723d3737302c743d313735363536362c6b696e643d64617461,iv=32431d2ccd4a4569ff652ba023057dec;msg=fcd859d4c4cf080d35b9d652356f06970238de5189303dbad5a8c2caba56024e;counter=770;t=1756566;kind=data,136
1759086,175,921.200,-26,10.25,69763d31643535376331363337363436636433643637303762366265353936333339312c6d73673d373235303833653739646138366437323837616262643335643663363133356464626435306636656262383462346236613363636264626461336631356430392c636f756e7465723d3737312c743d313735383832392c6b696e643d64617461,iv=1d557c1637646cd3d6707b6be5963391;msg=725083e79da86d7287abbd35d6c6135ddbd50f6ebb84b4b6a3ccbdbda3f15d09;counter=771;t=1758829;kind=data,136
1761348,176,921.000,-28,9.5,69763d62663465626237323837643031373762333935633864366536316633363062342c6d73673d326461353262383064326363636130343237656338363466326635616562396139316631346662303932333232643063333837366637313562303336626234382c636f756e7465723d3737322c743d313736313039332c6b696e643d64617461,iv=bf4ebb7287d0177b395c8d6e61f360b4;msg=2da52b80d2ccca0427ec864f2f5aeb9a91f14fb092322d0c3876f715b036bb48;counter=772;t=1761093;kind=data,136
1763612,176,921.000,-27,10.0,69763d64333831383230383665383632643430383561336433363530646562376161642c6d73673d356563623864366336316235376138353464386130653835303732656665343736316166373930646465613763303066383833313635316164653765303163322c636f756e7465723d3737332c743d313736333335372c6b696e643d64617461,iv=d38182086e862d4085a3d3650deb7aad;msg=5ecb8d6c61b57a854d8a0e85072efe4761af790ddea7c00f8831651ade7e01c2;counter=773;t=1763357;kind=data,136
1765876,176,921.000,-27,9.5,69763d37623331313938373864623065636537623034383766373939316462353162612c6d73673d343436313130326534333062636662623235363539633631316331613334613264396361373436636439373761396464663066303935393262313466313566382c636f756e7465723d3737342c743d313736353632312c6b696e643d64617461,iv=7b3119878db0ece7b0487f7991db51ba;msg=4461102e430bcfbb25659c611c1a34a2d9ca746cd977a9ddf0f09592b14f15f8;counter=774;t=1765621;kind=data,136
1768140,176,921.000,-27,10.0,69763d62656163616539303937323965303631393133343533646231336138636430322c6d73673d373761633461386261346431306633663435613666383864633763343237326362623036643730363065306338316461373364343030663737313336653130652c636f756e7465723d3737352c743d313736373838352c6b696e643d64617461,iv=beacae909729e061913453db13a8cd02;msg=77ac4a8ba4d10f3f45a6f88dc7c4272cbb06d7060e0c81da73d400f77136e10e;counter=775;t=1767885;kind=data,136
1772669,177,921.600,-28,9.0,69763d66306463323362363666653466653030666366316435653836353932316161612c6d73673d323662633431653332323962306632646639376166643736323735333965316139303331353932623435393137343561316631643863356539613961386134612c636f756e7465723d3737372c743d313737323431342c6b696e643d64617461,iv=f0dc23b66fe4fe00fcf1d5e865921aaa;msg=26bc41e3229b0f2df97afd7627539e1a9031592b4591745a1f1d8c5e9a9a8a4a;counter=777;t=1772414;kind=data,136
1774933,177,921.600,-27,8.75,69763d34306130303263633534393236363365663139326231333636373135646430302c6d73673d616166663938333733373164653530393766633232363362313333333961396639303831303965663434353133626363313733633261323331383538323337662c636f756e7465723d3737382c743d313737343637382c6b696e643d64617461,iv=40a002cc5492663ef192b1366715dd00;msg=aaff9837371de5097fc2263b13339a9f908109ef44513bcc173c2a231858237f;counter=778;t=1774678;kind=data,136
1777198,177,921.600,-28,6.0,69763d64303935356139373864616138363864343262326534643832633764643435662c6d73673d616665373564383238323238343764393565643935376237393632373436353739623462663563393334633965393632666630633336613461386638383664382c636f756e7465723d3737392c743d313737363934322c6b696e643d64617461,iv=d0955a978daa868d42b2e4d82c7dd45f;msg=afe75d82822847d95ed957b7962746579b4bf5c934c9e962ff0c36a4a8f886d8;counter=779;t=1776942;kind=data,136
1779462,177,921.600,-27,7.25,69763d36636264303730646134323731376361386464313138376433363565306531642c6d73673d643164636332366236636630366530346364306139663935383262386461356230356136333937336431363838303835663565333530313831653830373334392c636f756e7465723d3738302c743d313737393230362c6b696e643d64617461,iv=6cbd070da42717ca8dd1187d365e0e1d;msg=d1dcc26b6cf06e04cd0a9f9582b8da5b05a63973d1688085f5e350181e807349;counter=780;t=1779206;kind=data,136
1781726,178,921.400,-27,9.5,69763d32373562323232653835356234616631376432616332313861333866623230392c6d73673d633165306663633263626565323539343239313037646236373634393564633163663730343439663063643062383832383166626261313335396533366334652c636f756e7465723d3738312c743d313738313437312c6b696e643d64617461,iv=275b222e855b4af17d2ac218a38fb209;msg=c1e0fcc2cbee259429107db676495dc1cf70449f0cd0b88281fbba1359e36c4e;counter=781;t=1781471;kind=data,136
1783991,178,921.400,-27,9.5,69763d33386563613666376363613635633430376635653062393065663636396331622c6d73673d656132613765363361336366306439383835613733393066316439346365666137653530663630363062373437303136616139663934626235393439653234622c636f756e7465723d3738322c743d313738333733352c6b696e643d64617461,iv=38eca6f7cca65c407f5e0b90ef669c1b;msg=ea2a7e63a3cf0d9885a7390f1d94cefa7e50f6060b747016aa9f94bb5949e24b;counter=782;t=1783735;kind=data,136
1786255,178,921.400,-27,10.25,69763d37343934393135646630633365313966323363666537303130613832303233632c6d73673d373766383939383663303538323063333766363236623565646531653761666430323861373262336162653737626566663066333766353064643830633233372c636f756e7465723d3738332c743d313738353939392c6b696e643d64617461,iv=7494915df0c3e19f23cfe7010a82023c;msg=77f89986c05820c37f626b5ede1e7afd028a72b3abe77beff0f37f50dd80c237;counter=783;t=1785999;kind=data,136
1788519,178,921.400,-28,9.5,69763d37636436316635383937656435393766316635373732386133386664353862372c6d73673d633439306563343731633034383461616364303638613164383333343635323062616336323232633961653633393431656534343536346431333865636664352c636f756e7465723d3738342c743d313738383236332c6b696e643d64617461,iv=7cd61f5897ed597f1f57728a38fd58b7;msg=c490ec471c0484aacd068a1d83346520bac6222c9ae63941ee44564d138ecfd5;counter=784;t=1788263;kind=data,136
1790783,179,923.400,-27,4.5,69763d62636139313036336464393864366230353432306164383832613936626538352c6d73673d396162633830343364303632366536633563323937303961636434356462346639303763626230663432353839356533303262633030633635356530383835382c636f756e7465723d3738352c743d313739303532382c6b696e643d64617461,iv=bca91063dd98d6b05420ad882a96be85;msg=9abc8043d0626e6c5c29709acd45db4f907cbb0f425895e302bc00c655e08858;counter=785;t=1790528;kind=data,136
1793048,179,923.400,-28,0.25,69763d65646565393661363562653866383837323463633361626131636137363261302c6d73673d356461393264653938376536353339393939653462376366363730613238353765656432346365326263663066383466366234393639613032343964653433352c636f756e7465723d3738362c743d313739323739322c6b696e643d64617461,iv=edee96a65be8f88724cc3aba1ca762a0;msg=5da92de987e6539999e4b7cf670a2857eed24ce2bcf0f84f6b4969a0249de435;counter=786;t=1792792;kind=data,136
1795312,179,923.400,-27,3.0,69763d37663533613936383962326238303062313766656265363864646431663634312c6d73673d653938366162376439333237336633373633396334363637396338303861353437353234613161303139616134323537646439393336386135663832646232632c636f756e7465723d3738372c743d313739353035372c6b696e643d64617461,iv=7f53a9689b2b800b17febe68ddd1f641;msg=e986ab7d93273f37639c46679c808a547524a1a019aa4257dd99368a5f82db2c;counter=787;t=1795057;kind=data,136
1797577,179,923.400,-26,1.5,69763d31383533623365653038663634353764333962396363356663323132366237662c6d73673d616538316366383963363534366433336335376464646232313533623763633739623965666139646562336333353666306364383934383332383330376364312c636f756e7465723d3738382c743d313739373331392c6b696e643d64617461,iv=1853b3ee08f6457d39b9cc5fc2126b7f;msg=ae81cf89c6546d33c57dddb2153b7cc79b9efa9deb3c356f0cd8948328307cd1;counter=788;t=1797319;kind=data,136
1799842,179,923.400,-26,1.5,69763d64353562303336343830343631636634313834383837613534396537386562372c6d73673d656333313537376533316261663562366236386361616335316330363330383733366133313864383566353264353065646334373531336236346234356336302c636f756e7465723d3738392c743d313739393538362c6b696e643d64617461,iv=d55b036480461cf4184887a549e78eb7;msg=ec31577e31baf5b6b68caac51c06308736a318d85f52d50edc47513b64b45c60;counter=789;t=1799586;kind=data,136
1800071,179,923.400,-95,4.25,4058f9b80180000001c12763d24b386e9d,NON_UTF8,17
1802106,180,923.200,-27,7.25,69763d35383332306532336132303866383164646130653338373062393662306461392c6d73673d353731336138386161353436626138373363643235633536663864326634353031626533653636636366653536626332373839353031666335636230333034342c636f756e7465723d3739302c743d313830313835302c6b696e643d64617461,iv=58320e23a208f81dda0e3870b96b0da9;msg=5713a88aa546ba873cd25c56f8d2f4501be3e66ccfe56bc2789501fc5cb03044;counter=790;t=1801850;kind=data,136
1804371,180,923.200,-28,3.5,69763d64313833626561666466646263303032383534373837633837373831326631632c6d73673d346262383738656538383666653235323135666166356335636238626665383834366462656639633633383965306366376638303035633861313562346563642c636f756e7465723d3739312c743d313830343131352c6b696e643d64617461,iv=d183beafdfdbc002854787c877812f1c;msg=4bb878ee886fe25215faf5c5cb8bfe8846dbef9c6389e0cf7f8005c8a15b4ecd;counter=791;t=1804115;kind=data,136
1806635,180,923.200,-27,4.75,69763d36313063666534316437326536343566326639636538333335306539653936302c6d73673d346234383934333533316330363332393735633737343937316133393839663739636665376436323364353236663937623264623064373833373737336334392c636f756e7465723d3739322c743d313830363337392c6b696e643d64617461,iv=610cfe41d72e645f2f9ce83350e9e960;msg=4b48943531c0632975c774971a3989f79cfe7d623d526f97b2db0d7837773c49;counter=792;t=1806379;kind=data,136
1808900,180,923.200,-27,3.0,69763d66663765643037333466373836613663376632363631363165326632373564622c6d73673d613936313836323736393130303561316266303565646565653862316230373437376530326330353130363632653439663339313437356233336232303561332c636f756e7465723d3739332c743d313830383634342c6b696e643d64617461,iv=ff7ed0734f786a6c7f266161e2f275db;msg=a9618627691005a1bf05edeee8b1b07477e02c0510662e49f391475b33b205a3;counter=793;t=1808644;kind=data,136
1811164,181,920.800,-27,10.0,69763d36643434376264353663653566663061323335623666353635626164333737372c6d73673d346262353631663132313066373235393030646465356335356138323636643562306532313361336366366638336565303432663732616562336565663266322c636f756e7465723d3739342c743d313831303930382c6b696e643d64617461,iv=6d447bd56ce5ff0a235b6f565bad3777;msg=4bb561f1210f725900dde5c55a8266d5b0e213a3cf6f83ee042f72aeb3eef2f2;counter=794;t=1810908;kind=data,136
1813429,181,920.800,-28,10.5,69763d65373837623263393034643164353164646433323464373066346464373133612c6d73673d366562326263343037356365363735383735343239643762316661303031666663366539396363303331663738313533373930306465333736366463386263312c636f756e7465723d3739352c743d313831333137332c6b696e643d64617461,iv=e787b2c904d1d51ddd324d70f4dd713a;msg=6eb2bc4075ce675875429d7b1fa001ffc6e99cc031f781537900de3766dc8bc1;counter=795;t=1813173;kind=data,136
1815693,181,920.800,-27,9.75,69763d37343838623137623764313136323966303564396637666333386635616332322c6d73673d363631313761336564313238663730363239326565316162613532383038633231613361633165323165366366656233613535653561653064333731623035632c636f756e7465723d3739362c743d313831353433372c6b696e643d64617461,iv=7488b17b7d11629f05d9f7fc38f5ac22;msg=66117a3ed128f706292ee1aba52808c21a3ac1e21e6cfeb3a55e5ae0d371b05c;counter=796;t=1815437;kind=data,136
1817958,181,920.800,-27,9.5,69763d64376230353765323739336633376639343030626333626133323562393435332c6d73673d303965386461336639646531313037633331353737363664656532636139663537656466653533326233663533323639393334306461616634363765633039332c636f756e7465723d3739372c743d313831373730322c6b696e643d64617461,iv=d7b057e2793f37f9400bc3ba325b9453;msg=09e8da3f9de1107c3157766dee2ca9f57edfe532b3f532699340daaf467ec093;counter=797;t=1817702;kind=data,136
1820223,181,920.800,-26,10.0,69763d63643465373239663965386230613339303338613132616164306165326234332c6d73673d326433626263323838383436316261366638626134653565633137393737393265323832343966306266626232316235636162313632366361333564383435372c636f756e7465723d3739382c743d313831393936362c6b696e643d64617461,iv=cd4e729f9e8b0a39038a12aad0ae2b43;msg=2d3bbc2888461ba6f8ba4e5ec1797792e28249f0bfbb21b5cab1626ca35d8457;counter=798;t=1819966;kind=data,136
1822487,182,920.600,-27,9.5,69763d36383434383131356363346232633865376538643730356134613562303431622c6d73673d366434336235393732663463356139343636653166383839663665633736643965616639396562363037653532366166313134663934663765326364613238302c636f756e7465723d3739392c743d313832323233312c6b696e643d64617461,iv=68448115cc4b2c8e7e8d705a4a5b041b;msg=6d43b5972f4c5a9466e1f889f6ec76d9eaf99eb607e526af114f94f7e2cda280;counter=799;t=1822231;kind=data,136
1824752,182,920.600,-27,9.5,69763d33623965663062373666373036616536336436326139643038353130323564652c6d73673d643266353038643830623039396661363334643063303737323061316137663134646232663833343136313637306135333430383465666638646135636366392c636f756e7465723d3830302c743d313832343439362c6b696e643d64617461,iv=3b9ef0b76f706ae63d62a9d0851025de;msg=d2f508d80b099fa634d0c07720a1a7f14db2f834161670a534084eff8da5ccf9;counter=800;t=1824496;kind=data,136
1827017,182,920.600,-26,10.0,69763d65663663393965373264613832333564663464396565326264303336353239632c6d73673d343765343461373463366436346335373361316661666666366364653934313930666266353662643230376631373134393234376633333434356262366564302c636f756e7465723d3830312c743d313832363736302c6b696e643d64617461,iv=ef6c99e72da8235df4d9ee2bd036529c;msg=47e44a74c6d64c573a1fafff6cde94190fbf56bd207f17149247f33445bb6ed0;counter=801;t=1826760;kind=data,136
1829281,182,920.600,-26,9.75,69763d33366638646366653637393136356566626636666536303234323464383135352c6d73673d336533316336356132353137616339396336623561303835343632356538333563656430396563356639623765393438323839363434633831623734376435302c636f756e7465723d3830322c743d313832393032352c6b696e643d64617461,iv=36f8dcfe679165efbf6fe602424d8155;msg=3e31c65a2517ac99c6b5a0854625e835ced09ec5f9b7e948289644c81b747d50;counter=802;t=1829025;kind=data,136
1831546,183,921.200,-28,10.25,69763d32396638633863663464353362356233393838326334646639646634643536332c6d73673d633534343765383734303639373638613466636632653764623939626239636431366262393766306135343131393066613439616263336161623165383033352c636f756e7465723d3830332c743d313833313239302c6b696e643d64617461,iv=29f8c8cf4d53b5b39882c4df9df4d563;msg=c5447e874069768a4fcf2e7db99bb9cd16bb97f0a541190fa49abc3aab1e8035;counter=803;t=1831290;kind=data,136
1833811,183,921.200,-26,10.25,69763d35316235396135653833623264383535356337393361646631643732313339302c6d73673d623331623739666239333030316165376433303731333830363163613233643463633362383835653166366234363232306339343362613462653462656134362c636f756e7465723d3830342c743d313833333535342c6b696e643d64617461,iv=51b59a5e83b2d8555c793adf1d721390;msg=b31b79fb93001ae7d307138061ca23d4cc3b885e1f6b46220c943ba4be4bea46;counter=804;t=1833554;kind=data,136
1836076,183,921.200,-27,9.5,69763d35666439373661333839633935333239663933393431383238333264663839302c6d73673d363630336237663265636636613163313233376633653838633734366566636466343239346632346430383863626230366531633538616633303637373435332c636f756e7465723d3830352c743d313833353831392c6b696e643d64617461,iv=5fd976a389c95329f9394182832df890;msg=6603b7f2ecf6a1c1237f3e88c746efcdf4294f24d088cbb06e1c58af30677453;counter=805;t=1835819;kind=data,136
1838341,183,921.200,-28,10.25,69763d39353261356132666365643331376633356265333037396238643764613637632c6d73673d303837363463396331323139343732656162383037626539666338313932636630393465623330343561623765666335616433616261326532666133396537652c636f756e7465723d3830362c743d313833383038342c6b696e643d64617461,iv=952a5a2fced317f35be3079b8d7da67c;msg=08764c9c1219472eab807be9fc8192cf094eb3045ab7efc5ad3aba2e2fa39e7e;counter=806;t=1838084;kind=data,136
1840606,184,921.000,-28,9.75,69763d37343161653866653664306238313561336261363937636537353936653764392c6d73673d303364643862323238356533326634323064666264376162633761356136626331633839656363643462303237316663303634313635316237623132333433312c636f756e7465723d3830372c743d313834303334392c6b696e643d64617461,iv=741ae8fe6d0b815a3ba697ce7596e7d9;msg=03dd8b2285e32f420dfbd7abc7a5a6bc1c89eccd4b0271fc0641651b7b123431;counter=807;t=1840349;kind=data,136
1842872,184,921.000,-27,9.5,69763d31363430396565373563616531326330356366313331366361313432363139342c6d73673d373335636539336630376533386464393739643462313334626231303238613765373837666130656165346561393030316662323564616538613738613863392c636f756e7465723d3830382c743d313834323631342c6b696e643d64617461,iv=16409ee75cae12c05cf1316ca1426194;msg=735ce93f07e38dd979d4b134bb1028a7e787fa0eae4ea9001fb25dae8a78a8c9;counter=808;t=1842614;kind=data,136
1845136,184,921.000,-28,10.0,69763d39343933663335386565623134326133346665623538303861346139333438352c6d73673d666436383136386365636336363764326563663562646134653466323762333162333532646435316534643165316563656461383132363034343262623139302c636f756e7465723d3830392c743d313834343837392c6b696e643d64617461,iv=9493f358eeb142a34feb5808a4a93485;msg=fd68168cecc667d2ecf5bda4e4f27b31b352dd51e4d1e1eceda81260442bb190;counter=809;t=1844879;kind=data,136
1847401,184,921.000,-28,9.0,69763d38376361386134323262666166623234663739653535303136396664363337362c6d73673d343462613637333862366663393534396633303362363161316537373262626630343163393562313366346239313664306532343630636263353562616233322c636f756e7465723d3831302c743d313834373134312c6b696e643d64617461,iv=87ca8a422bfafb24f79e550169fd6376;msg=44ba6738b6fc9549f303b61a1e772bbf041c95b13f4b916d0e2460cbc55bab32;counter=810;t=1847141;kind=data,136
1849667,184,921.000,-27,10.0,69763d62316132633364643134653334306464366335623336306238343934313261652c6d73673d336531393036643238646563343635353331396632353134313039343731323937316137623735323738326539353831656164393362353463623664636535632c636f756e7465723d3831312c743d313834393430382c6b696e643d64617461,iv=b1a2c3dd14e340dd6c5b360b849412ae;msg=3e1906d28dec4655319f25141094712971a7b752782e9581ead93b54cb6dce5c;counter=811;t=1849408;kind=data,136
1854203,185,921.600,-26,9.0,69763d66353436623238346438643032393939633539303663613531313639313339362c6d73673d643564316639646532383262663932373464633438353239633232663831333837653863363838373063316462333730613237646133326638666361623462362c636f756e7465723d3831332c743d313835333934332c6b696e643d64617461,iv=f546b284d8d02999c5906ca511691396;msg=d5d1f9de282bf9274dc48529c22f81387e8c68870c1db370a27da32f8fcab4b6;counter=813;t=1853943;kind=data,136
1856469,185,921.600,-28,8.75,69763d61343363346164313930366332646532323731666434393030303136333461332c6d73673d393935653161656333613834623839626531663763616636633264346461313934666430346131326635663566313766313432613239323633326165626461342c636f756e7465723d3831342c743d313835363231302c6b696e643d64617461,iv=a43c4ad1906c2de2271fd490001634a3;msg=995e1aec3a84b89be1f7caf6c2d4da194fd04a12f5f5f17f142a292632aebda4;counter=814;t=1856210;kind=data,136
1858735,185,921.600,-26,9.25,69763d34623663373861393432353061303835376263303132383137383932613333332c6d73673d326139653062386633623834353036356361623932613762326534643635633035643430346134326536386135323239313964366235663064373030303437392c636f756e7465723d3831352c743d313835383437382c6b696e643d64617461,iv=4b6c78a94250a0857bc012817892a333;msg=2a9e0b8f3b845065cab92a7b2e4d65c05d404a42e68a522919d6b5f0d7000479;counter=815;t=1858478;kind=data,136
1861000,186,921.400,-27,10.5,69763d31353664666564343437343162383561396261653763303137383562343735652c6d73673d663631303632306336326237383064383364666231623137336465306537393565303966653137613233326239313065643538616534373435306334313665652c636f756e7465723d3831362c743d313836303734332c6b696e643d64617461,iv=156dfed44741b85a9bae7c01785b475e;msg=f610620c62b780d83dfb1b173de0e795e09fe17a232b910ed58ae47450c416ee;counter=816;t=1860743;kind=data,136
1863265,186,921.400,-27,7.5,69763d30666466356137663233393930613932633063366432353164386530396431332c6d73673d386330643532323037326430313337613330636439393963326463623836333937356633376164356533653334633639373461626135613763353333316233302c636f756e7465723d3831372c743d313836333030382c6b696e643d64617461,iv=0fdf5a7f23990a92c0c6d251d8e09d13;msg=8c0d522072d0137a30cd999c2dcb863975f37ad5e3e34c6974aba5a7c5331b30;counter=817;t=1863008;kind=data,136
1865531,186,921.400,-27,9.5,69763d65333561323662646262303034663266616465393639343239646136666434362c6d73673d626364653264626233396135326462303438653338376563393036383732613037373838663365346363343133313033373932393430313334383463346263352c636f756e7465723d3831382c743d313836353237332c6b696e643d64617461,iv=e35a26bdbb004f2fade969429da6fd46;msg=bcde2dbb39a52db048e387ec906872a07788f3e4cc41310379294013484c4bc5;counter=818;t=1865273;kind=data,136
1867796,186,921.400,-26,8.75,69763d34333166313930363866373839343035616536386164636266633763623865392c6d73673d393962383930613034313430636530666539623231316539616666623265396635656666666363626465636266613837393036366265383331643163656262342c636f756e7465723d3831392c743d313836373533392c6b696e643d64617461,iv=431f19068f789405ae68adcbfc7cb8e9;msg=99b890a04140ce0fe9b211e9affb2e9f5efffccbdecbfa879066be831d1cebb4;counter=819;t=1867539;kind=data,136
1870061,186,921.400,-27,9.25,69763d31353937323333316439383337326230613831653130393237363731313061362c6d73673d343037356634366333313562303961323465313133613466356234636635636237373063326637663638653964666561363831613638333034663235353133362c636f756e7465723d3832302c743d313836393830342c6b696e643d64617461,iv=15972331d98372b0a81e1092767110a6;msg=4075f46c315b09a24e113a4f5b4cf5cb770c2f7f68e9dfea681a68304f255136;counter=820;t=1869804;kind=data,136
1872326,187,923.400,-28,0.75,69763d30653635336630613237393037643034313931393664393765343164623236362c6d73673d306661373961323333616230663732356662653834643336636364353163363064633964663833373237353366616463313739356565653734303132313234642c636f756e7465723d3832312c743d313837323036392c6b696e643d64617461,iv=0e653f0a27907d0419196d97e41db266;msg=0fa79a233ab0f725fbe84d36ccd51c60dc9df8372753fadc1795eee74012124d;counter=821;t=1872069;kind=data,136
1874592,187,923.400,-27,1.5,69763d34383364636161356165373666643035386533636662313935313831313565342c6d73673d333165633538373537356264386164363838663632323639313565393565666534353264383738663238393464643234316433643930346266363539333238612c636f756e7465723d3832322c743d313837343333342c6b696e643d64617461,iv=483dcaa5ae76fd058e3cfb19518115e4;msg=31ec587575bd8ad688f6226915e95efe452d878f2894dd241d3d904bf659328a;counter=822;t=1874334;kind=data,136
1876857,187,923.400,-27,2.75,69763d64636534633633343539333038613535663035373738663430626330663537382c6d73673d306436323361346131633430643862633033323630613130616636346662363037633961653665383536363935313530366137353838306361613034653237662c636f756e7465723d3832332c743d313837363630302c6b696e643d64617461,iv=dce4c63459308a55f05778f40bc0f578;msg=0d623a4a1c40d8bc03260a10af64fb607c9ae6e8566951506a75880caa04e27f;counter=823;t=1876600;kind=data,136
1879122,187,923.400,-27,-1.25,69763d35633931306662303263356139323663616661366632623136346332333633622c6d73673d396232336534663666623862353161356335653961373363646334663939393637626364636232616432646132653966323030636532376636353334383039662c636f756e7465723d3832342c743d313837383836352c6b696e643d64617461,iv=5c910fb02c5a926cafa6f2b164c2363b;msg=9b23e4f6fb8b51a5c5e9a73cdc4f99967bcdcb2ad2da2e9f200ce27f6534809f;counter=824;t=1878865;kind=data,136
1881387,188,923.200,-29,3.5,69763d62376232623462613837346362363334646638643163303734326264333861382c6d73673d353862626163376636643865633533623333376635383638656236386233303032653833376633336536643036376334316633353631663164666538363465352c636f756e7465723d3832352c743d313838313133302c6b696e643d64617461,iv=b7b2b4ba874cb634df8d1c0742bd38a8;msg=58bbac7f6d8ec53b337f5868eb68b3002e837f33e6d067c41f3561f1dfe864e5;counter=825;t=1881130;kind=data,136
1883653,188,923.200,-26,-1.0,69763d38613465306532336331643036316137373832396565633466323865313337392c6d73673d636233653330643961393163333930613062653661333734373832393064623735313332613232313330393761656536373932616163663161633762396163332c636f756e7465723d3832362c743d313838333339362c6b696e643d64617461,iv=8a4e0e23c1d061a77829eec4f28e1379;msg=cb3e30d9a91c390a0be6a37478290db75132a2213097aee6792aacf1ac7b9ac3;counter=826;t=1883396;kind=data,136
1885919,188,923.200,-27,4.25,69763d66616466303534366237303534343063623938333535663861343463666235342c6d73673d313465326335623835323665353731373235346366373733313539336334363633386166653333313564666439333639383538353235633332393732393935362c636f756e7465723d3832372c743d313838353636312c6b696e643d64617461,iv=fadf0546b705440cb98355f8a44cfb54;msg=14e2c5b8526e5717254cf7731593c46638afe3315dfd9369858525c329729956;counter=827;t=1885661;kind=data,136
1888184,188,923.200,-27,2.25,69763d32333730636636323234313264303235343934653531306230666365336663302c6d73673d336363623531653734323333663332373461373365343938623330343464313039323339356539333432353939323835326136306332346263646631396261332c636f756e7465723d3832382c743d313838373932362c6b696e643d64617461,iv=2370cf622412d025494e510b0fce3fc0;msg=3ccb51e74233f3274a73e498b3044d1092395e93425992852a60c24bcdf19ba3;counter=828;t=1887926;kind=data,136
1892715,189,920.800,-27,9.25,69763d30623838306532383839613330656133653634346364366562396239323934342c6d73673d333865373633616535393139393663643832373037663336626263386139613565646461643231353636616334636562663939346531313363613337626664342c636f756e7465723d3833302c743d313839323435372c6b696e643d64617461,iv=0b880e2889a30ea3e644cd6eb9b92944;msg=38e763ae591996cd82707f36bbc8a9a5eddad21566ac4cebf994e113ca37bfd4;counter=830;t=1892457;kind=data,136
1894980,189,920.800,-27,9.5,69763d61363263373134666332633938363362376435323361646363323231323561372c6d73673d343662623737333538626137323937343733636532373565346335386633626431366633663663346130363363663332333566303835666531386630613733322c636f756e7465723d3833312c743d313839343732332c6b696e643d64617461,iv=a62c714fc2c9863b7d523adcc22125a7;msg=46bb77358ba7297473ce275e4c58f3bd16f3f6c4a063cf3235f085fe18f0a732;counter=831;t=1894723;kind=data,136
1897246,189,920.800,-26,9.75,69763d39316463323538616361363538396138376138306638316239663735303466322c6d73673d343164633238646264333266313237366438316165636134313139303336646562613762346564303862346362613533653035373062343437353536333137652c636f756e7465723d3833322c743d313839363938382c6b696e643d64617461,iv=91dc258aca6589a87a80f81b9f7504f2;msg=41dc28dbd32f1276d81aeca4119036deba7b4ed08b4cba53e0570b447556317e;counter=832;t=1896988;kind=data,136
1899511,189,920.800,-27,10.0,69763d63313038383535653432336138613863626333343162313764376534633338662c6d73673d346131386233633335623638356361386239646461376666613064393036613532313532633234353337306136623834643031316430363062663635656335622c636f756e7465723d3833332c743d313839393235342c6b696e643d64617461,iv=c108855e423a8a8cbc341b17d7e4c38f;msg=4a18b3c35b685ca8b9dda7ffa0d906a52152c245370a6b84d011d060bf65ec5b;counter=833;t=1899254;kind=data,136
1901777,190,920.600,-27,9.75,69763d39616366383039396436396437656237303136613935646332323332653237622c6d73673d366461393635376465386638346131393762316139666332633663343430386232333535643536383338633565373539643931666563343265623266663862662c636f756e7465723d3833342c743d313930313531392c6b696e643d64617461,iv=9acf8099d69d7eb7016a95dc2232e27b;msg=6da9657de8f84a197b1a9fc2c6c4408b2355d56838c5e759d91fec42eb2ff8bf;counter=834;t=1901519;kind=data,136
1904043,190,920.600,-27,9.5,69763d30396136383935643933346535343134666531303361613838306337656531352c6d73673d323539323661366533306631313433376533623538386534343037643638363338646335626263303536643430656161383662656662363566653964613462322c636f756e7465723d3833352c743d313930333738352c6b696e643d64617461,iv=09a6895d934e5414fe103aa880c7ee15;msg=25926a6e30f11437e3b588e4407d68638dc5bbc056d40eaa86befb65fe9da4b2;counter=835;t=1903785;kind=data,136
1906308,190,920.600,-27,9.75,69763d65656334653536346664636232663937326530383930323532353062653636332c6d73673d616666663466343732313665306639316135316332383462613730633461663965316637343038343332313461646663633039653061323230376239626638362c636f756e7465723d3833362c743d313930363035302c6b696e643d64617461,iv=eec4e564fdcb2f972e089025250be663;msg=afff4f47216e0f91a51c284ba70c4af9e1f740843214adfcc09e0a2207b9bf86;counter=836;t=1906050;kind=data,136
1908574,190,920.600,-27,10.25,69763d30343930323134633762363766666139316234306662356134396261623566382c6d73673d366264343361363639373532363862616339663637643563633738366364343939373537636435386134613730363063316236373939646361353964383262612c636f756e7465723d3833372c743d313930383331362c6b696e643d64617461,iv=0490214c7b67ffa91b40fb5a49bab5f8;msg=6bd43a66975268bac9f67d5cc786cd499757cd58a4a7060c1b6799dca59d82ba;counter=837;t=1908316;kind=data,136
1910839,191,921.200,-26,9.75,69763d39366536356236363035613862653666666461373533653233613338396132362c6d73673d336231656164346536376336333339306461623931343266616139613737643064313262366531623934623936636265376530616330306235646130393533612c636f756e7465723d3833382c743d313931303538312c6b696e643d64617461,iv=96e65b6605a8be6ffda753e23a389a26;msg=3b1ead4e67c63390dab9142faa9a77d0d12b6e1b94b96cbe7e0ac00b5da0953a;counter=838;t=1910581;kind=data,136
1913105,191,921.200,-27,10.5,69763d35333933386464663933366465663034393639373663306334663037653162342c6d73673d613034326563336130393233616435336266663332633036306265396263326237363366326633343939306562363832633762356338643433313261356537342c636f756e7465723d3833392c743d313931323834372c6b696e643d64617461,iv=53938ddf936def0496976c0c4f07e1b4;msg=a042ec3a0923ad53bff32c060be9bc2b763f2f34990eb682c7b5c8d4312a5e74;counter=839;t=1912847;kind=data,136
1915371,191,921.200,-27,10.0,69763d63393533356363323835346136393166363764333831326562303062633136612c6d73673d323232633339643438386531323132343730373838313238326336356236316561356161383235663465646638343130373562653033333165663766616564362c636f756e7465723d3834302c743d313931353131332c6b696e643d64617461,iv=c9535cc2854a691f67d3812eb00bc16a;msg=222c39d488e12124707881282c65b61ea5aa825f4edf841075be0331ef7faed6;counter=840;t=1915113;kind=data,136
1917637,191,921.200,-27,10.25,69763d33306333306562653964623864303365313438326639343538356135393232362c6d73673d356231373931666466356135363137346664373066353864636239613237373130386333306464653163376664633364366462666332646333643839643731342c636f756e7465723d3834312c743d313931373337392c6b696e643d64617461,iv=30c30ebe9db8d03e1482f94585a59226;msg=5b1791fdf5a56174fd70f58dcb9a277108c30dde1c7fdc3d6dbfc2dc3d89d714;counter=841;t=1917379;kind=data,136
1919902,191,921.200,-27,9.75,69763d35323161333862383631616637373961393363663835343364663039303165382c6d73673d333738366164313139623938356333323835396435393139343361613738303164363165343438326165343562383837656431663234333938333233646666622c636f756e7465723d3834322c743d313931393634342c6b696e643d64617461,iv=521a38b861af779a93cf8543df0901e8;msg=3786ad119b985c32859d591943aa7801d61e4482ae45b887ed1f24398323dffb;counter=842;t=1919644;kind=data,136
1922169,192,921.000,-27,9.5,69763d64343736383762323437333830346535373031383662383738346466363866382c6d73673d303265393738326235336438333265306533306333643161646365633236353364396462633436643266333865626630653966613737323337613262616365332c636f756e7465723d3834332c743d313932313931302c6b696e643d64617461,iv=d47687b2473804e570186b8784df68f8;msg=02e9782b53d832e0e30c3d1adcec2653d9dbc46d2f38ebf0e9fa77237a2bace3;counter=843;t=1921910;kind=data,136
1924434,192,921.000,-27,9.5,69763d31326264326537343737353465613131393535353333303035303636376365322c6d73673d393431303033303830383138613461346331656530343537366136623461373661656238313737633530633535303465383265656139386337396165346238382c636f756e7465723d3834342c743d313932343137362c6b696e643d64617461,iv=12bd2e747754ea119555330050667ce2;msg=941003080818a4a4c1ee04576a6b4a76aeb8177c50c5504e82eea98c79ae4b88;counter=844;t=1924176;kind=data,136
1926703,192,921.000,-27,9.5,69763d35316164303230343935646335356639393863363462616639343266383536382c6d73673d633936363832636134316465633962333037396232323936656639306366643235396365646466613532646565386566643464343966363436623764366363612c636f756e7465723d3834352c743d313932363434322c6b696e643d64617461,iv=51ad020495dc55f998c64baf942f8568;msg=c96682ca41dec9b3079b2296ef90cfd259ceddfa52dee8efd4d49f646b7d6cca;counter=845;t=1926442;kind=data,136
1928971,192,921.000,-27,9.5,69763d64303539313635393636343966656634363261663835666661303361343337652c6d73673d356337363039616231356662356566383961353937643837326364316234373837353264623864616166323032346636323663333062626262393565313939632c636f756e7465723d3834362c743d313932383731332c6b696e643d64617461,iv=d05916596649fef462af85ffa03a437e;msg=5c7609ab15fb5ef89a597d872cd1b478752db8daaf2024f626c30bbbb95e199c;counter=846;t=1928713;kind=data,136
1931238,193,921.600,-27,8.75,69763d65393738356238373231326166643835616166323436346536313465343339382c6d73673d613962313135653964323832663934306130303334663338313133633131656337383033393034313865653738303230396466626139613563666262666132332c636f756e7465723d3834372c743d313933303937392c6b696e643d64617461,iv=e9785b87212afd85aaf2464e614e4398;msg=a9b115e9d282f940a0034f38113c11ec780390418ee780209dfba9a5cfbbfa23;counter=847;t=1930979;kind=data,136
1933504,193,921.600,-27,8.5,69763d31373532383932396130373231353930393439613832306263326535656562302c6d73673d663865313735653664376562356438353161316566386539396165323561316263623563336261633537393936613832303330643336643361386563363665302c636f756e7465723d3834382c743d313933333234352c6b696e643d64617461,iv=17528929a0721590949a820bc2e5eeb0;msg=f8e175e6d7eb5d851a1ef8e99ae25a1bcb5c3bac57996a82030d36d3a8ec66e0;counter=848;t=1933245;kind=data,136
1935770,193,921.600,-27,8.75,69763d32633733333031363264313130366430316563373437656563326431626364652c6d73673d633162346134613664613833376338303634323639313935343536656162303964323930336530656230333864633930623130626138333230383063336364342c636f756e7465723d3834392c743d313933353531312c6b696e643d64617461,iv=2c7330162d1106d01ec747eec2d1bcde;msg=c1b4a4a6da837c8064269195456eab09d2903e0eb038dc90b10ba832080c3cd4;counter=849;t=1935511;kind=data,136
1938035,193,921.600,-27,9.5,69763d30663061346433343033396333393834363532306434313434633139663031322c6d73673d393435383766636564393065366664343630383465363338366265343330356263646635303336663161636632323433636566336134663538383062666233612c636f756e7465723d3835302c743d313933373737372c6b696e643d64617461,iv=0f0a4d34039c39846520d4144c19f012;msg=94587fced90e6fd46084e6386be4305bcdf5036f1acf2243cef3a4f5880bfb3a;counter=850;t=1937777;kind=data,136
1942568,194,921.400,-27,9.5,69763d64306336313333393563633231633031643733333631303964353562313438312c6d73673d623131393762326164333732323261636436636637396331343538623362396435376232363161653835383230636263646330386230666461363261363231382c636f756e7465723d3835322c743d313934323330392c6b696e643d64617461,iv=d0c613395cc21c01d7336109d55b1481;msg=b1197b2ad37222acd6cf79c1458b3b9d57b261ae85820cbcdc08b0fda62a6218;counter=852;t=1942309;kind=data,136
1944834,194,921.400,-27,8.5,69763d32336463323939336435326339623363343863333764353538376536366566352c6d73673d363435396564383261626430663636366166373161666362376534646365313766346162316233633332316664316230633534386561323762333735663032382c636f756e7465723d3835332c743d313934343537352c6b696e643d64617461,iv=23dc2993d52c9b3c48c37d5587e66ef5;msg=6459ed82abd0f666af71afcb7e4dce17f4ab1b3c321fd1b0c548ea27b375f028;counter=853;t=1944575;kind=data,136
1947100,194,921.400,-27,9.0,69763d38663738636131633434346538343362376466616334303133343633323734382c6d73673d383465396637316236663838326466323731623337383566626234303264666638613035663930303266366361336434383630386464343737653630613035382c636f756e7465723d3835342c743d313934363834312c6b696e643d64617461,iv=8f78ca1c444e843b7dfac40134632748;msg=84e9f71b6f882df271b3785fbb402dff8a05f9002f6ca3d48608dd477e60a058;counter=854;t=1946841;kind=data,136
1949366,194,921.400,-28,9.75,69763d34636566356238376532353835353731356231306530303361346665336665632c6d73673d333334373339613433366137623037303938363832356232666332326164663138636231336539643337623364323038333134356666366331623932373466632c636f756e7465723d3835352c743d313934393130372c6b696e643d64617461,iv=4cef5b87e25855715b10e003a4fe3fec;msg=334739a436a7b070986825b2fc22adf18cb13e9d37b3d2083145ff6c1b9274fc;counter=855;t=1949107;kind=data,136
1951631,195,923.400,-27,1.25,69763d33393631383238623236363963666139373766396163396162656265356264302c6d73673d306636336638376665376438666466336364623437363336663336346662333861343065666538613864313362656132636230313037656530396232316638362c636f756e7465723d3835362c743d313935313337332c6b696e643d64617461,iv=3961828b2669cfa977f9ac9abebe5bd0;msg=0f63f87fe7d8fdf3cdb47636f364fb38a40efe8a8d13bea2cb0107ee09b21f86;counter=856;t=1951373;kind=data,136
1953898,195,923.400,-27,3.25,69763d33643932333966633566343066376139393863343663333432303763303031622c6d73673d306231613631653864623130653938346166333937356432666338623164643666356162663837326630363633323230666434636165393464653636363635372c636f756e7465723d3835372c743d313935333633392c6b696e643d64617461,iv=3d9239fc5f40f7a998c46c34207c001b;msg=0b1a61e8db10e984af3975d2fc8b1dd6f5abf872f0663220fd4cae94de666657;counter=857;t=1953639;kind=data,136
1956166,195,923.400,-27,4.0,69763d34396265393631303931643761343530316263653336306534666264366230312c6d73673d306336646662333266393531633934653930323937336361633239356430373230623331363130636361363264333965613830623864656566646536346430332c636f756e7465723d3835382c743d313935353930372c6b696e643d64617461,iv=49be961091d7a4501bce360e4fbd6b01;msg=0c6dfb32f951c94e902973cac295d0720b31610cca62d39ea80b8deefde64d03;counter=858;t=1955907;kind=data,136
1958433,195,923.400,-28,-0.25,69763d64323234376365656364666566396239313035646665383032653334356135352c6d73673d343366346163636630303939376430393264663331616539343035303165356636623538323635363231643361623235373465363630313439666531323266312c636f756e7465723d3835392c743d313935383137342c6b696e643d64617461,iv=d2247ceecdfef9b9105dfe802e345a55;msg=43f4accf00997d092df31ae940501e5f6b58265621d3ab2574e660149fe122f1;counter=859;t=1958174;kind=data,136
1960699,196,923.200,-27,4.5,69763d61326339353333626230636434376133616135613363613738626434343764302c6d73673d363462323138643964346633643533333031613530623666353264373630356139333233333530613034626233316439373063356133373863343131636266612c636f756e7465723d3836302c743d313936303434302c6b696e643d64617461,iv=a2c9533bb0cd47a3aa5a3ca78bd447d0;msg=64b218d9d4f3d53301a50b6f52d7605a9323350a04bb31d970c5a378c411cbfa;counter=860;t=1960440;kind=data,136
1962965,196,923.200,-27,1.25,69763d34373235303236613163353232383139316437353665336433393536626566612c6d73673d313935623066343961376338353234333161303163643666316264316234363737623265343764626666626237666439623733636466623837346538613334382c636f756e7465723d3836312c743d313936323730362c6b696e643d64617461,iv=4725026a1c5228191d756e3d3956befa;msg=195b0f49a7c852431a01cd6f1bd1b4677b2e47dbffbb7fd9b73cdfb874e8a348;counter=861;t=1962706;kind=data,136
1965231,196,923.200,-27,1.75,69763d34643765336666313837613930353364643664336464643563313333323565612c6d73673d626362373866663739666661663132303064616130656561313233333033636137663230663437666335656134313062316533653635383838313234656534662c636f756e7465723d3836322c743d313936343937322c6b696e643d64617461,iv=4d7e3ff187a9053dd6d3ddd5c13325ea;msg=bcb78ff79ffaf1200daa0eea123303ca7f20f47fc5ea410b1e3e65888124ee4f;counter=862;t=1964972;kind=data,136
1967498,196,923.200,-28,3.75,69763d31633739376532656535653234306238386530616666313334643835336633352c6d73673d373837336635626230323039393665626637363139656431306265656465636637633332313566393962353835633466333433656331383135613232666530342c636f756e7465723d3836332c743d313936373233392c6b696e643d64617461,iv=1c797e2ee5e240b88e0aff134d853f35;msg=7873f5bb020996ebf7619ed10beedecf7c3215f99b585c4f343ec1815a22fe04;counter=863;t=1967239;kind=data,136
1969764,196,923.200,-27,2.0,69763d30306534663466613231363634306633633266396535366562643136616435632c6d73673d323339313762633034393936393366363564323464313230326262663830353930643837386130363330396533346630356635626638663933323937366534352c636f756e7465723d3836342c743d313936393530352c6b696e643d64617461,iv=00e4f4fa216640f3c2f9e56ebd16ad5c;msg=23917bc0499693f65d24d1202bbf80590d878a06309e34f05f5bf8f932976e45;counter=864;t=1969505;kind=data,136
1972030,197,920.800,-26,9.75,69763d64656432336664303735363965313363383335373133626432343138386663382c6d73673d323734353635343530616130383839623233623935326461626430333264383465616666373532633937633464623334323266623462393065373437663662392c636f756e7465723d3836352c743d313937313737312c6b696e643d64617461,iv=ded23fd07569e13c835713bd24188fc8;msg=274565450aa0889b23b952dabd032d84eaff752c97c4db3422fb4b90e747f6b9;counter=865;t=1971771;kind=data,136
1974297,197,920.800,-27,9.75,69763d64633265613038366130613734363164326566323835616334323363623861302c6d73673d623364633931636538353531613566616663613735333434623434306239333134616363643631363831396530613961646235666430326531326664653862652c636f756e7465723d3836362c743d313937343033382c6b696e643d64617461,iv=dc2ea086a0a7461d2ef285ac423cb8a0;msg=b3dc91ce8551a5fafca75344b440b9314accd616819e0a9adb5fd02e12fde8be;counter=866;t=1974038;kind=data,136
1976566,197,920.800,-26,10.5,69763d34326434363266373535643765393933363734383839316632363864626335352c6d73673d643062373633366264396461653961636630613138323831326261303930366234323039633632383966653834613534613161363139663639323961343831642c636f756e7465723d3836372c743d313937363330372c6b696e643d64617461,iv=42d462f755d7e9936748891f268dbc55;msg=d0b7636bd9dae9acf0a182812ba0906b4209c6289fe84a54a1a619f6929a481d;counter=867;t=1976307;kind=data,136
1978832,197,920.800,-27,10.25,69763d63363837306365393735313433636466336638396165363938303462316535332c6d73673d366165373431646233613562643437663830333465346133373366363036636330633235373539326436616562646166326362393637306563353538393465642c636f756e7465723d3836382c743d313937383537332c6b696e643d64617461,iv=c6870ce975143cdf3f89ae69804b1e53;msg=6ae741db3a5bd47f8034e4a373f606cc0c257592d6aebdaf2cb9670ec55894ed;counter=868;t=1978573;kind=data,136
1981099,198,920.600,-27,10.0,69763d34633035353137393936396434366636643765663431653965353733323964342c6d73673d623561383531343738336532656533373864643633326232616239353033666435336533373131366437313534623937393963313131646132653466353938372c636f756e7465723d3836392c743d313938303834302c6b696e643d64617461,iv=4c055179969d46f6d7ef41e9e57329d4;msg=b5a8514783e2ee378dd632b2ab9503fd53e37116d7154b9799c111da2e4f5987;counter=869;t=1980840;kind=data,136
1983366,198,920.600,-26,9.75,69763d36623934396130373866356330353437386638313561643462393666643734612c6d73673d366334326163353764646535303236643562306438616332323561623163363763653134306638636130303565346538363937326533653064386536383337652c636f756e7465723d3837302c743d313938333130362c6b696e643d64617461,iv=6b949a078f5c05478f815ad4b96fd74a;msg=6c42ac57dde5026d5b0d8ac225ab1c67ce140f8ca005e4e86972e3e0d8e6837e;counter=870;t=1983106;kind=data,136
1985633,198,920.600,-26,10.25,69763d62366133356135373266303563613832326137336536343761303339306463372c6d73673d333663653833663361626432366665623536646466623634336237383138373538373639346136396435353531616332646333373330383439613333633034382c636f756e7465723d3837312c743d313938353337332c6b696e643d64617461,iv=b6a35a572f05ca822a73e647a0390dc7;msg=36ce83f3abd26feb56ddfb643b78187587694a69d5551ac2dc3730849a33c048;counter=871;t=1985373;kind=data,136
1987899,198,920.600,-26,9.25,69763d39343033303536626438363537643963633934373838656464353465353235622c6d73673d313632343262643661623339663262353062333333373631656338626535343132616230396536356266376263363564336265306338323361666233313331662c636f756e7465723d3837322c743d313938373634302c6b696e643d64617461,iv=9403056bd8657d9cc94788edd54e525b;msg=16242bd6ab39f2b50b333761ec8be5412ab09e65bf7bc65d3be0c823afb3131f;counter=872;t=1987640;kind=data,136
1990166,198,920.600,-26,10.25,69763d66343861623739323838303630323930366135353763656530343833376439392c6d73673d653462306465656538366665336664323431313030303963313163313064663033623938623662303666653731393538613265323335306661323839663034332c636f756e7465723d3837332c743d313938393930362c6b696e643d64617461,iv=f48ab792880602906a557cee04837d99;msg=e4b0deee86fe3fd24110009c11c10df03b98b6b06fe71958a2e2350fa289f043;counter=873;t=1989906;kind=data,136
1992432,199,921.200,-27,8.25,69763d34646136626631383337366432613334643162643836313361303864393534642c6d73673d353661313131623462313431633666343962353838323362643933643561623763303139643930666265646531623730323134646233663838613933376432642c636f756e7465723d3837342c743d313939323137332c6b696e643d64617461,iv=4da6bf18376d2a34d1bd8613a08d954d;msg=56a111b4b141c6f49b58823bd93d5ab7c019d90fbede1b70214db3f88a937d2d;counter=874;t=1992173;kind=data,136
1994702,199,921.200,-27,10.0,69763d61386236656532633436383237393766343365633737396539313561303130312c6d73673d316264613336633566376339393961613663356162623563386461383830316337376563313063613262393331663536343339373564623639376262316336392c636f756e7465723d3837352c743d313939343434322c6b696e643d64617461,iv=a8b6ee2c4682797f43ec779e915a0101;msg=1bda36c5f7c999aa6c5abb5c8da8801c77ec10ca2b931f5643975db697bb1c69;counter=875;t=1994442;kind=data,136
1996968,199,921.200,-27,8.25,69763d33376361333233333835653466373138626161633136386633663638363735362c6d73673d656332326130336332613262346336343364656461616564643531313932623230383061633538376234303132323066623165353838653364356261393430652c636f756e7465723d3837362c743d313939363730382c6b696e643d64617461,iv=37ca323385e4f718baac168f3f686756;msg=ec22a03c2a2b4c643dedaaedd51192b2080ac587b401220fb1e588e3d5ba940e;counter=876;t=1996708;kind=data,136
1999234,199,921.200,-27,10.0,69763d33613035666237383236383235336338396235306565653439636561633634352c6d73673d303936323963336462353232353636663034383431353932626539616332383934616637333765323639383635623937353936303666613432326662383630622c636f756e7465723d3837372c743d313939383937352c6b696e643d64617461,iv=3a05fb78268253c89b50eee49ceac645;msg=09629c3db522566f04841592be9ac2894af737e269865b9759606fa422fb860b;counter=877;t=1998975;kind=data,136
2001501,200,921.000,-28,9.75,69763d65613239336162633237353837656138616562623762623830346332336636352c6d73673d326633646539623435623636626430643961643935633236393265303163353633316261616164303539643131633066356462306231636539656633383837302c636f756e7465723d3837382c743d323030313234312c6b696e643d64617461,iv=ea293abc27587ea8aebb7bb804c23f65;msg=2f3de9b45b66bd0d9ad95c2692e01c5631baaad059d11c0f5db0b1ce9ef38870;counter=878;t=2001241;kind=data,136
2003768,200,921.000,-27,10.0,69763d61366434636634383466373938373966333732346231363961613766363636632c6d73673d366633653832633066353432623237373337343665316530616563373364383665363461333634623762633834353731646330366437306264643265346265362c636f756e7465723d3837392c743d323030333530382c6b696e643d64617461,iv=a6d4cf484f79879f3724b169aa7f666c;msg=6f3e82c0f542b2773746e1e0aec73d86e64a364b7bc84571dc06d70bdd2e4be6;counter=879;t=2003508;kind=data,136
2006035,200,921.000,-26,9.75,69763d39383931646639313061303938643366663265616231663537303634303965322c6d73673d323434393161333663633135386132363161643537383164306362663736643665653163616261613137323866386432373032666639313439646366386131612c636f756e7465723d3838302c743d323030353737352c6b696e643d64617461,iv=9891df910a098d3ff2eab1f5706409e2;msg=24491a36cc158a261ad5781d0cbf76d6ee1cabaa1728f8d2702ff9149dcf8a1a;counter=880;t=2005775;kind=data,136
2008301,200,921.000,-27,9.75,69763d35663131656262373038663938633461396261373362383865613562313331372c6d73673d306462306634633161633935643662363833646235393137306162363865396635653736313437323531666432626234346436386266326430646663346264622c636f756e7465723d3838312c743d323030383034312c6b696e643d64617461,iv=5f11ebb708f98c4a9ba73b88ea5b1317;msg=0db0f4c1ac95d6b683db59170ab68e9f5e76147251fd2bb44d68bf2d0dfc4bdb;counter=881;t=2008041;kind=data,136
2010571,201,921.600,-27,9.5,69763d32663565303366626633656332353266393936396239646331626166643737322c6d73673d326437636532363231353161353865303736623563353034623438363731383839363830313833333630303934623930333863313930393732396564363864622c636f756e7465723d3838322c743d323031303331312c6b696e643d64617461,iv=2f5e03fbf3ec252f9969b9dc1bafd772;msg=2d7ce262151a58e076b5c504b48671889680183360094b9038c1909729ed68db;counter=882;t=2010311;kind=data,136
2012837,201,921.600,-27,8.25,69763d34646632363932653564643934653436373138623736323333363135376561332c6d73673d353564396535393964323032653039343935653532346531376538346263393066643736303137346564363433386232363962636463656633303132636235612c636f756e7465723d3838332c743d323031323537372c6b696e643d64617461,iv=4df2692e5dd94e46718b762336157ea3;msg=55d9e599d202e09495e524e17e84bc90fd760174ed6438b269bcdcef3012cb5a;counter=883;t=2012577;kind=data,136
2015104,201,921.600,-27,9.25,69763d34313438363266663337633337653762336164316436323033343764336463352c6d73673d363434636138643861643162313733333033326632663566343330656239633934633863343631303738313531303536663632363935366266363339396432302c636f756e7465723d3838342c743d323031343834342c6b696e643d64617461,iv=414862ff37c37e7b3ad1d620347d3dc5;msg=644ca8d8ad1b1733032f2f5f430eb9c94c8c461078151056f626956bf6399d20;counter=884;t=2014844;kind=data,136
2017371,201,921.600,-27,9.75,69763d37393661353865333433306330623230366262353537343138666434366331372c6d73673d363332613331383934323965303636643537623530323061333863353236343563613339343639353461333039326334363338393362356364666636343734392c636f756e7465723d3838352c743d323031373131312c6b696e643d64617461,iv=796a58e3430c0b206bb557418fd46c17;msg=632a3189429e066d57b5020a38c52645ca3946954a3092c463893b5cdff64749;counter=885;t=2017111;kind=data,136
2019639,201,921.600,-27,8.0,69763d34363461333861333038663738396162643063613063306466326332303436342c6d73673d633036383333353836636264326564386639396531393834373665303535346561353230653463646638666664383832306361663837643566323830366138642c636f756e7465723d3838362c743d323031393337382c6b696e643d64617461,iv=464a38a308f789abd0ca0c0df2c20464;msg=c06833586cbd2ed8f99e198476e0554ea520e4cdf8ffd8820caf87d5f2806a8d;counter=886;t=2019378;kind=data,136
2021905,202,921.400,-26,7.5,69763d39633239643732613137663265396535653031653537303931363333306666622c6d73673d663931393331663138646163373733363439643432663730366364313033303230313338613965613263353830633061356566633965633030363961316236342c636f756e7465723d3838372c743d323032313634342c6b696e643d64617461,iv=9c29d72a17f2e9e5e01e570916330ffb;msg=f91931f18dac773649d42f706cd103020138a9ea2c580c0a5efc9ec0069a1b64;counter=887;t=2021644;kind=data,136
2024174,202,921.400,-27,0.0,69763d34636232343961656461616231373433623638653735626437613466656565392c6d73673d653930343934343934616664323264363365316437336135353132346261316366383065383234616531343632316565356163323865623562303765623365622c636f756e7465723d3838382c743d323032333931342c6b696e643d64617461,iv=4cb249aedaab1743b68e75bd7a4feee9;msg=e90494494afd22d63e1d73a55124ba1cf80e824ae14621ee5ac28eb5b07eb3eb;counter=888;t=2023914;kind=data,136
